0,-34.57564685258747,8.215266709904062,0.9999839,2.3963757e-08,2.7931983e-06,1.3181816e-05,6.5300966e-08,1.4571493e-17,24838747.52539469,0.0,0.0,0.0,0.0,0.0,0.0,0.0,0.1744186046511628,0.0,0.0,0.0,0.0,0.0,0.0,0.0,0.4,0.0,0.0,0.0,0.0,0.0,0.0,0.0,0.05481051509346047,0.0,0.0,0.0,0.0,0.0,0.0,0.0,0.8215266709904062,0.15558000000000002,0.398865,0.6110869999999999,0.9576849999999999,1.4318089999999999,2.123065,0.0,0.0,0.0,0.0,0.0,0.0,0.0,0.0,0.0,0.9791666666666666
0,-0.15000000000000002,0.0,0.99998116,7.53876e-08,3.594554e-06,1.5145535e-05,3.7249592e-08,6.839567e-18,24841776.58724111,0.0,0.0,0.0,0.0,0.0,0.0,0.1744186046511628,0.06976744186046512,0.0,0.0,0.0,0.0,0.0,0.0,0.4,0.497093815357864,0.0,0.0,0.0,0.0,0.0,0.0,0.05481051509346047,0.05136243757578197,0.0,0.0,0.0,0.0,0.0,0.0,0.8215266709904062,0.30290618464213603,0.139857,0.350812,0.5710510000000001,0.877771,1.300868,2.177073,0.0,0.15558000000000002,0.0,0.0,0.0,0.0,0.0,0.0,0.9791666666666666,0.9583333333333334
0,0.3,0.0,0.99999285,2.8046234e-08,1.5953601e-06,5.5910436e-06,1.2129626e-08,2.9211867e-18,24844230.254022975,0.0,0.0,0.0,0.0,0.0,0.1744186046511628,0.06976744186046512,0.06976744186046512,0.0,0.0,0.0,0.0,0.0,0.4,0.497093815357864,0.6517271371711869,0.0,0.0,0.0,0.0,0.0,0.05481051509346047,0.05136243757578197,0.05699918221723473,0.0,0.0,0.0,0.0,0.0,0.8215266709904062,0.30290618464213603,0.24536667818667707,0.155432,0.382355,0.617681,0.933276,1.520281,2.160877,0.15558000000000002,0.139857,0.0,0.0,0.0,0.0,0.0,0.9791666666666666,0.9583333333333334,0.9375
0,0.3,0.0,0.9999932,2.7058816e-06,1.0404442e-06,2.9940413e-06,2.2911022e-09,1.4495336e-18,24846386.20371683,0.0,0.0,0.0,0.0,0.1744186046511628,0.06976744186046512,0.06976744186046512,0.06976744186046512,0.0,0.0,0.0,0.0,0.4,0.497093815357864,0.6517271371711869,0.8361321677856907,0.0,0.0,0.0,0.0,0.05481051509346047,0.05136243757578197,0.05699918221723473,0.07209444656478912,0.0,0.0,0.0,0.0,0.8215266709904062,0.30290618464213603,0.24536667818667707,0.21559496938549616,0.163442,0.41156099999999995,0.6528740000000001,0.996749,1.472558,2.233056,0.139857,0.155432,0.0,0.0,0.0,0.0,0.9791666666666666,0.9583333333333334,0.9375,0.9166666666666666
0,0.3,0.0,0.9998109,0.00018344178,1.8160068e-06,3.8974385e-06,2.6636342e-09,1.6369279e-17,24848515.608429518,0.0,0.0,0.0,0.1744186046511628,0.06976744186046512,0.06976744186046512,0.06976744186046512,0.06976744186046512,0.0,0.0,0.0,0.4,0.497093815357864,0.6517271371711869,0.8361321677856907,1.0231916965167043,0.0,0.0,0.0,0.05481051509346047,0.05136243757578197,0.05699918221723473,0.07209444656478912,0.07675478457711313,0.0,0.0,0.0,0.8215266709904062,0.30290618464213603,0.24536667818667707,0.21559496938549616,0.2129404712689864,0.126289,0.318564,0.5203150000000001,0.801058,1.22426,1.941625,0.155432,0.163442,0.0,0.0,0.0,0.9791666666666666,0.9583333333333334,0.9375,0.9166666666666666,0.8958333333333334
0,0.3,0.0,0.99604225,0.0039546397,1.0729483e-06,1.9857632e-06,5.114797e-10,5.954785e-18,24850089.37482479,0.0,0.0,0.1744186046511628,0.06976744186046512,0.06976744186046512,0.06976744186046512,0.06976744186046512,0.06976744186046512,0.0,0.0,0.4,0.497093815357864,0.6517271371711869,0.8361321677856907,1.0231916965167043,1.2658150569897952,0.0,0.0,0.05481051509346047,0.05136243757578197,0.05699918221723473,0.07209444656478912,0.07675478457711313,0.08024634429839028,0.0,0.0,0.8215266709904062,0.30290618464213603,0.24536667818667707,0.21559496938549616,0.2129404712689864,0.15737663952690906,0.153295,0.352642,0.561791,0.905515,1.388403,2.1575349999999998,0.163442,0.126289,0.0,0.0,0.9791666666666666,0.9583333333333334,0.9375,0.9166666666666666,0.8958333333333334,0.875
1,0.3,0.0,0.032310177,0.96764475,9.97601e-06,3.52124e-05,2.3365914e-09,1.3460059e-16,24851454.692041736,0.0,0.1744186046511628,0.06976744186046512,0.06976744186046512,0.06976744186046512,0.06976744186046512,0.06976744186046512,0.06976744186046512,0.0,0.4,0.497093815357864,0.6517271371711869,0.8361321677856907,1.0231916965167043,1.2658150569897952,1.5292833352949737,0.0,0.05481051509346047,0.05136243757578197,0.05699918221723473,0.07209444656478912,0.07675478457711313,0.08024634429839028,0.11227793665610404,0.0,0.8215266709904062,0.30290618464213603,0.24536667818667707,0.21559496938549616,0.2129404712689864,0.15737663952690906,0.13653172169482156,0.17384899999999998,0.437162,0.709534,1.0604870000000002,1.638769,2.290172,0.126289,0.153295,0.0,0.9791666666666666,0.9583333333333334,0.9375,0.9166666666666666,0.8958333333333334,0.875,0.8541666666666666
1,0.3,0.0,0.00030270702,0.99782795,0.00019991997,0.0016692163,1.6464841e-07,3.5145156e-13,24855213.63609009,0.1744186046511628,0.06976744186046512,0.06976744186046512,0.06976744186046512,0.06976744186046512,0.06976744186046512,0.06976744186046512,0.1744186046511628,0.4,0.497093815357864,0.6517271371711869,0.8361321677856907,1.0231916965167043,1.2658150569897952,1.5292833352949737,1.553388930459548,0.05481051509346047,0.05136243757578197,0.05699918221723473,0.07209444656478912,0.07675478457711313,0.08024634429839028,0.11227793665610404,0.11629915060624492,0.8215266709904062,0.30290618464213603,0.24536667818667707,0.21559496938549616,0.2129404712689864,0.15737663952690906,0.13653172169482156,0.3758944048354259,0.15071,0.374758,0.584846,0.852833,1.348011,2.055469,0.153295,0.17384899999999998,0.9791666666666666,0.9583333333333334,0.9375,0.9166666666666666,0.8958333333333334,0.875,0.8541666666666666,0.8333333333333334
1,0.75,0.0,0.00013581871,0.9974936,0.00021941353,0.0021509347,1.8522455e-07,2.9243497e-13,24858419.599719647,0.06976744186046512,0.06976744186046512,0.06976744186046512,0.06976744186046512,0.06976744186046512,0.06976744186046512,0.1744186046511628,0.1744186046511628,0.497093815357864,0.6517271371711869,0.8361321677856907,1.0231916965167043,1.2658150569897952,1.5292833352949737,1.553388930459548,1.632792567503807,0.05136243757578197,0.05699918221723473,0.07209444656478912,0.07675478457711313,0.08024634429839028,0.11227793665610404,0.11629915060624492,0.11689402728868016,0.30290618464213603,0.24536667818667707,0.21559496938549616,0.2129404712689864,0.15737663952690906,0.13653172169482156,0.3758944048354259,0.320596362955741,0.13910499999999998,0.36279500000000003,0.560821,0.913888,1.4297650000000002,2.169201,0.17384899999999998,0.15071,0.9583333333333334,0.9375,0.9166666666666666,0.8958333333333334,0.875,0.8541666666666666,0.8333333333333334,0.8125
1,0.75,0.0,0.00015012294,0.99730873,0.00023099259,0.0023098479,2.0093621e-07,3.8851805e-13,24861860.943487525,0.06976744186046512,0.06976744186046512,0.06976744186046512,0.06976744186046512,0.06976744186046512,0.1744186046511628,0.1744186046511628,0.1744186046511628,0.6517271371711869,0.8361321677856907,1.0231916965167043,1.2658150569897952,1.5292833352949737,1.553388930459548,1.632792567503807,1.6886581907161489,0.05699918221723473,0.07209444656478912,0.07675478457711313,0.08024634429839028,0.11227793665610404,0.11629915060624492,0.11689402728868016,0.10542248158598123,0.24536667818667707,0.21559496938549616,0.2129404712689864,0.15737663952690906,0.13653172169482156,0.3758944048354259,0.320596362955741,0.344134376787658,0.14184,0.35322000000000003,0.60741,0.939819,1.354548,2.1735219999999997,0.15071,0.13910499999999998,0.9375,0.9166666666666666,0.8958333333333334,0.875,0.8541666666666666,0.8333333333333334,0.8125,0.7916666666666666
1,0.75,0.0,0.00026647915,0.9984092,0.00014518428,0.0011790041,1.0195665e-07,1.2567376e-13,24866255.34217911,0.06976744186046512,0.06976744186046512,0.06976744186046512,0.06976744186046512,0.1744186046511628,0.1744186046511628,0.1744186046511628,0.1744186046511628,0.8361321677856907,1.0231916965167043,1.2658150569897952,1.5292833352949737,1.553388930459548,1.632792567503807,1.6886581907161489,1.649218321557895,0.07209444656478912,0.07675478457711313,0.08024634429839028,0.11227793665610404,0.11629915060624492,0.11689402728868016,0.10542248158598123,0.0803795979360253,0.21559496938549616,0.2129404712689864,0.15737663952690906,0.13653172169482156,0.3758944048354259,0.320596362955741,0.344134376787658,0.4394398691582538,0.156148,0.405134,0.594078,0.917428,1.519951,2.1024520000000004,0.13910499999999998,0.14184,0.9166666666666666,0.8958333333333334,0.875,0.8541666666666666,0.8333333333333334,0.8125,0.7916666666666666,0.7708333333333334
1,0.75,0.0,0.00013325232,0.9974221,0.000212659,0.0022317877,1.7163254e-07,3.1459403e-13,24869970.521016214,0.06976744186046512,0.06976744186046512,0.06976744186046512,0.1744186046511628,0.1744186046511628,0.1744186046511628,0.1744186046511628,0.1744186046511628,1.0231916965167043,1.2658150569897952,1.5292833352949737,1.553388930459548,1.632792567503807,1.6886581907161489,1.649218321557895,1.677700437847479,0.07675478457711313,0.08024634429839028,0.11227793665610404,0.11629915060624492,0.11689402728868016,0.10542248158598123,0.0803795979360253,0.10904831712375561,0.2129404712689864,0.15737663952690906,0.13653172169482156,0.3758944048354259,0.320596362955741,0.344134376787658,0.4394398691582538,0.37151788371041594,0.160746,0.386351,0.624282,0.946851,1.422919,2.2094630000000004,0.14184,0.156148,0.8958333333333334,0.875,0.8541666666666666,0.8333333333333334,0.8125,0.7916666666666666,0.7708333333333334,0.75
1,0.75,0.0,5.590946e-05,0.99552554,0.0002890197,0.004129371,2.4594988e-07,5.956594e-13,24873136.937630888,0.06976744186046512,0.06976744186046512,0.1744186046511628,0.1744186046511628,0.1744186046511628,0.1744186046511628,0.1744186046511628,0.1744186046511628,1.2658150569897952,1.5292833352949737,1.553388930459548,1.632792567503807,1.6886581907161489,1.649218321557895,1.677700437847479,1.761058776379938,0.08024634429839028,0.11227793665610404,0.11629915060624492,0.11689402728868016,0.10542248158598123,0.0803795979360253,0.10904831712375561,0.12201521373068114,0.15737663952690906,0.13653172169482156,0.3758944048354259,0.320596362955741,0.344134376787658,0.4394398691582538,0.37151788371041594,0.316641661467541,0.179801,0.434409,0.687371,1.036454,1.578343,2.275376,0.156148,0.160746,0.875,0.8541666666666666,0.8333333333333334,0.8125,0.7916666666666666,0.7708333333333334,0.75,0.7291666666666666
1,0.75,0.0,0.00032552998,0.99727625,0.0002532794,0.0021447968,2.383497e-07,7.0426027e-13,24878104.42226399,0.06976744186046512,0.1744186046511628,0.1744186046511628,0.1744186046511628,0.1744186046511628,0.1744186046511628,0.1744186046511628,0.1744186046511628,1.5292833352949737,1.553388930459548,1.632792567503807,1.6886581907161489,1.649218321557895,1.677700437847479,1.761058776379938,1.6643103130694616,0.11227793665610404,0.11629915060624492,0.11689402728868016,0.10542248158598123,0.0803795979360253,0.10904831712375561,0.12201521373068114,0.0874504969990188,0.13653172169482156,0.3758944048354259,0.320596362955741,0.344134376787658,0.4394398691582538,0.37151788371041594,0.316641661467541,0.49674846331047623,0.14005099999999998,0.33705900000000005,0.52695,0.821631,1.231445,2.0053989999999997,0.160746,0.179801,0.8541666666666666,0.8333333333333334,0.8125,0.7916666666666666,0.7708333333333334,0.75,0.7291666666666666,0.7083333333333334
1,0.75,0.0,0.00031410978,0.99793196,0.00016988446,0.0015839753,1.1475574e-07,2.9667908e-13,24881825.98525077,0.1744186046511628,0.1744186046511628,0.1744186046511628,0.1744186046511628,0.1744186046511628,0.1744186046511628,0.1744186046511628,0.1744186046511628,1.553388930459548,1.632792567503807,1.6886581907161489,1.649218321557895,1.677700437847479,1.761058776379938,1.6643103130694616,1.6921540143915332,0.11629915060624492,0.11689402728868016,0.10542248158598123,0.0803795979360253,0.10904831712375561,0.12201521373068114,0.0874504969990188,0.09056920471247956,0.3758944048354259,0.320596362955741,0.344134376787658,0.4394398691582538,0.37151788371041594,0.316641661467541,0.49674846331047623,0.3721562986779286,0.138313,0.366214,0.587876,0.9231699999999999,1.471065,2.152483,0.179801,0.14005099999999998,0.8333333333333334,0.8125,0.7916666666666666,0.7708333333333334,0.75,0.7291666666666666,0.7083333333333334,0.6875
1,0.75,0.0,5.7868034e-05,0.99321175,0.00039474785,0.0063352818,3.7797597e-07,1.850096e-12,24884699.65963237,0.1744186046511628,0.1744186046511628,0.1744186046511628,0.1744186046511628,0.1744186046511628,0.1744186046511628,0.1744186046511628,0.1744186046511628,1.632792567503807,1.6886581907161489,1.649218321557895,1.677700437847479,1.761058776379938,1.6643103130694616,1.6921540143915332,1.8047865762316704,0.11689402728868016,0.10542248158598123,0.0803795979360253,0.10904831712375561,0.12201521373068114,0.0874504969990188,0.09056920471247956,0.1274375421046399,0.320596362955741,0.344134376787658,0.4394398691582538,0.37151788371041594,0.316641661467541,0.49674846331047623,0.3721562986779286,0.28736743815986265,0.143509,0.360831,0.617242,0.966699,1.491626,2.2896889999999996,0.14005099999999998,0.138313,0.8125,0.7916666666666666,0.7708333333333334,0.75,0.7291666666666666,0.7083333333333334,0.6875,0.6666666666666666
1,0.75,0.0,4.1242565e-05,0.983107,0.00086456124,0.015985899,1.2793804e-06,1.4903611e-11,24887648.104900528,0.1744186046511628,0.1744186046511628,0.1744186046511628,0.1744186046511628,0.1744186046511628,0.1744186046511628,0.1744186046511628,0.1744186046511628,1.6886581907161489,1.649218321557895,1.677700437847479,1.761058776379938,1.6643103130694616,1.6921540143915332,1.8047865762316704,1.9099420494160302,0.10542248158598123,0.0803795979360253,0.10904831712375561,0.12201521373068114,0.0874504969990188,0.09056920471247956,0.1274375421046399,0.12238009092351894,0.344134376787658,0.4394398691582538,0.37151788371041594,0.316641661467541,0.49674846331047623,0.3721562986779286,0.28736743815986265,0.29484452681564044,0.15061600000000003,0.37296300000000004,0.581493,0.885714,1.358801,2.0595120000000002,0.138313,0.143509,0.7916666666666666,0.7708333333333334,0.75,0.7291666666666666,0.7083333333333334,0.6875,0.6666666666666666,0.6458333333333334
1,0.75,0.0,4.8702223e-05,0.99203706,0.00043870602,0.0074749244,4.2657575e-07,2.4129687e-12,24891339.196645916,0.1744186046511628,0.1744186046511628,0.1744186046511628,0.1744186046511628,0.1744186046511628,0.1744186046511628,0.1744186046511628,0.1744186046511628,1.649218321557895,1.677700437847479,1.761058776379938,1.6643103130694616,1.6921540143915332,1.8047865762316704,1.9099420494160302,1.9408328748772932,0.0803795979360253,0.10904831712375561,0.12201521373068114,0.0874504969990188,0.09056920471247956,0.1274375421046399,0.12238009092351894,0.10104408823380752,0.4394398691582538,0.37151788371041594,0.316641661467541,0.49674846331047623,0.3721562986779286,0.28736743815986265,0.29484452681564044,0.369109174538737,0.16538399999999998,0.405596,0.639204,0.9877079999999999,1.537156,2.220726,0.143509,0.15061600000000003,0.7708333333333334,0.75,0.7291666666666666,0.7083333333333334,0.6875,0.6666666666666666,0.6458333333333334,0.625
1,0.75,0.0,0.00010100933,0.9945378,0.0003789478,0.0049819564,3.7873045e-07,1.9566102e-12,24896023.511215672,0.1744186046511628,0.1744186046511628,0.1744186046511628,0.1744186046511628,0.1744186046511628,0.1744186046511628,0.1744186046511628,0.1744186046511628,1.677700437847479,1.761058776379938,1.6643103130694616,1.6921540143915332,1.8047865762316704,1.9099420494160302,1.9408328748772932,1.8724014179015143,0.10904831712375561,0.12201521373068114,0.0874504969990188,0.09056920471247956,0.1274375421046399,0.12238009092351894,0.10104408823380752,0.08658598690586487,0.37151788371041594,0.316641661467541,0.49674846331047623,0.3721562986779286,0.28736743815986265,0.29484452681564044,0.369109174538737,0.4684314569757789,0.140881,0.350713,0.5868390000000001,0.923755,1.33605,2.156729,0.15061600000000003,0.16538399999999998,0.75,0.7291666666666666,0.7083333333333334,0.6875,0.6666666666666666,0.6458333333333334,0.625,0.6041666666666666
1,0.75,0.0,2.7477889e-05,0.9767602,0.0010331041,0.022177478,1.6249885e-06,2.4735932e-11,24898886.23270669,0.1744186046511628,0.1744186046511628,0.1744186046511628,0.1744186046511628,0.1744186046511628,0.1744186046511628,0.1744186046511628,0.1744186046511628,1.761058776379938,1.6643103130694616,1.6921540143915332,1.8047865762316704,1.9099420494160302,1.9408328748772932,1.8724014179015143,1.9861292687998418,0.12201521373068114,0.0874504969990188,0.09056920471247956,0.1274375421046399,0.12238009092351894,0.10104408823380752,0.08658598690586487,0.12251034587211652,0.316641661467541,0.49674846331047623,0.3721562986779286,0.28736743815986265,0.29484452681564044,0.369109174538737,0.4684314569757789,0.2862721491016724,0.157671,0.386472,0.6017380000000001,0.8916040000000001,1.415116,2.039773,0.16538399999999998,0.140881,0.7291666666666666,0.7083333333333334,0.6875,0.6666666666666666,0.6458333333333334,0.625,0.6041666666666666,0.5833333333333334
1,0.75,0.0,2.0067922e-05,0.978102,0.00090426736,0.02097239,1.2586282e-06,1.4856557e-11,24902330.490175422,0.1744186046511628,0.1744186046511628,0.1744186046511628,0.1744186046511628,0.1744186046511628,0.1744186046511628,0.1744186046511628,0.1744186046511628,1.6643103130694616,1.6921540143915332,1.8047865762316704,1.9099420494160302,1.9408328748772932,1.8724014179015143,1.9861292687998418,2.0417035219266184,0.0874504969990188,0.09056920471247956,0.1274375421046399,0.12238009092351894,0.10104408823380752,0.08658598690586487,0.12251034587211652,0.11220763938482595,0.49674846331047623,0.3721562986779286,0.28736743815986265,0.29484452681564044,0.369109174538737,0.4684314569757789,0.2862721491016724,0.3444257468732234,0.157812,0.399894,0.616206,0.9552309999999999,1.468126,2.176469,0.140881,0.157671,0.7083333333333334,0.6875,0.6666666666666666,0.6458333333333334,0.625,0.6041666666666666,0.5833333333333334,0.5625
1,0.75,0.0,1.4442457e-05,0.978836,0.00084629346,0.020302078,1.1326973e-06,9.8811575e-12,24906113.461109154,0.1744186046511628,0.1744186046511628,0.1744186046511628,0.1744186046511628,0.1744186046511628,0.1744186046511628,0.1744186046511628,0.1744186046511628,1.6921540143915332,1.8047865762316704,1.9099420494160302,1.9408328748772932,1.8724014179015143,1.9861292687998418,2.0417035219266184,2.063406428553348,0.09056920471247956,0.1274375421046399,0.12238009092351894,0.10104408823380752,0.08658598690586487,0.12251034587211652,0.11220763938482595,0.10570898032394337,0.3721562986779286,0.28736743815986265,0.29484452681564044,0.369109174538737,0.4684314569757789,0.2862721491016724,0.3444257468732234,0.37829709337327033,0.163927,0.401853,0.656471,0.9680259999999999,1.50576,2.2215059999999998,0.157671,0.157812,0.6875,0.6666666666666666,0.6458333333333334,0.625,0.6041666666666666,0.5833333333333334,0.5625,0.5416666666666666
1,0.75,0.0,2.932439e-05,0.9772235,0.001062514,0.02168278,1.7491024e-06,2.6087844e-11,24910101.996310186,0.1744186046511628,0.1744186046511628,0.1744186046511628,0.1744186046511628,0.1744186046511628,0.1744186046511628,0.1744186046511628,0.1744186046511628,1.8047865762316704,1.9099420494160302,1.9408328748772932,1.8724014179015143,1.9861292687998418,2.0417035219266184,2.063406428553348,2.0645529084502847,0.1274375421046399,0.12238009092351894,0.10104408823380752,0.08658598690586487,0.12251034587211652,0.11220763938482595,0.10570898032394337,0.1007520254293259,0.28736743815986265,0.29484452681564044,0.369109174538737,0.4684314569757789,0.2862721491016724,0.3444257468732234,0.37829709337327033,0.39885352010306346,0.137654,0.3438,0.536667,0.8741749999999999,1.32399,2.044075,0.157812,0.163927,0.6666666666666666,0.6458333333333334,0.625,0.6041666666666666,0.5833333333333334,0.5625,0.5416666666666666,0.5208333333333334
1,0.75,0.0,4.004939e-05,0.98829645,0.00061689224,0.01104586,7.6173296e-07,6.167345e-12,24914367.658175416,0.1744186046511628,0.1744186046511628,0.1744186046511628,0.1744186046511628,0.1744186046511628,0.1744186046511628,0.1744186046511628,0.1744186046511628,1.9099420494160302,1.9408328748772932,1.8724014179015143,1.9861292687998418,2.0417035219266184,2.063406428553348,2.0645529084502847,2.0379867219271417,0.12238009092351894,0.10104408823380752,0.08658598690586487,0.12251034587211652,0.11220763938482595,0.10570898032394337,0.1007520254293259,0.08059710564549107,0.29484452681564044,0.369109174538737,0.4684314569757789,0.2862721491016724,0.3444257468732234,0.37829709337327033,0.39885352010306346,0.42656618652314293,0.146754,0.35990300000000003,0.587236,0.897976,1.383735,2.18679,0.163927,0.137654,0.6458333333333334,0.625,0.6041666666666666,0.5833333333333334,0.5625,0.5416666666666666,0.5208333333333334,0.5
1,0.75,0.0,0.00011309868,0.99560744,0.0003170334,0.003962123,2.9682565e-07,1.3133744e-12,24919748.242327344,0.1744186046511628,0.1744186046511628,0.1744186046511628,0.1744186046511628,0.1744186046511628,0.1744186046511628,0.1744186046511628,0.1744186046511628,1.9408328748772932,1.8724014179015143,1.9861292687998418,2.0417035219266184,2.063406428553348,2.0645529084502847,2.0379867219271417,1.899928306734468,0.10104408823380752,0.08658598690586487,0.12251034587211652,0.11220763938482595,0.10570898032394337,0.1007520254293259,0.08059710564549107,0.06688920567688215,0.369109174538737,0.4684314569757789,0.2862721491016724,0.3444257468732234,0.37829709337327033,0.39885352010306346,0.42656618652314293,0.5380584151926736,0.153938,0.3797,0.590335,0.9059349999999999,1.480464,2.1052310000000003,0.137654,0.146754,0.625,0.6041666666666666,0.5833333333333334,0.5625,0.5416666666666666,0.5208333333333334,0.5,0.4791666666666667
1,0.75,0.0,6.582485e-05,0.99673635,0.00021215962,0.0029854218,1.482422e-07,3.3807416e-13,24924425.659496542,0.1744186046511628,0.1744186046511628,0.1744186046511628,0.1744186046511628,0.1744186046511628,0.1744186046511628,0.1744186046511628,0.1744186046511628,1.8724014179015143,1.9861292687998418,2.0417035219266184,2.063406428553348,2.0645529084502847,2.0379867219271417,1.899928306734468,1.832186589814529,0.08658598690586487,0.12251034587211652,0.11220763938482595,0.10570898032394337,0.1007520254293259,0.08059710564549107,0.06688920567688215,0.08117727931139213,0.4684314569757789,0.2862721491016724,0.3444257468732234,0.37829709337327033,0.39885352010306346,0.42656618652314293,0.5380584151926736,0.46774171691993904,0.181901,0.425781,0.696376,1.0765989999999999,1.547572,2.395588,0.146754,0.153938,0.6041666666666666,0.5833333333333334,0.5625,0.5416666666666666,0.5208333333333334,0.5,0.4791666666666667,0.4583333333333333
1,0.75,0.0,7.4407115e-05,0.9856572,0.0008876948,0.013379214,1.5335862e-06,2.0368734e-11,24928247.66238615,0.1744186046511628,0.1744186046511628,0.1744186046511628,0.1744186046511628,0.1744186046511628,0.1744186046511628,0.1744186046511628,0.1744186046511628,1.9861292687998418,2.0417035219266184,2.063406428553348,2.0645529084502847,2.0379867219271417,1.899928306734468,1.832186589814529,1.8499863008538988,0.12251034587211652,0.11220763938482595,0.10570898032394337,0.1007520254293259,0.08059710564549107,0.06688920567688215,0.08117727931139213,0.11140258453437717,0.2862721491016724,0.3444257468732234,0.37829709337327033,0.39885352010306346,0.42656618652314293,0.5380584151926736,0.46774171691993904,0.3822002889606303,0.111155,0.277716,0.48716000000000004,0.758197,1.141971,1.972048,0.153938,0.181901,0.5833333333333334,0.5625,0.5416666666666666,0.5208333333333334,0.5,0.4791666666666667,0.4583333333333333,0.4375
1,0.75,0.0,2.855256e-05,0.97960037,0.00087693846,0.01949281,1.228803e-06,1.7291545e-11,24930516.19049199,0.1744186046511628,0.1744186046511628,0.1744186046511628,0.1744186046511628,0.1744186046511628,0.1744186046511628,0.1744186046511628,0.1744186046511628,2.0417035219266184,2.063406428553348,2.0645529084502847,2.0379867219271417,1.899928306734468,1.832186589814529,1.8499863008538988,2.023133490269875,0.11220763938482595,0.10570898032394337,0.1007520254293259,0.08059710564549107,0.06688920567688215,0.08117727931139213,0.11140258453437717,0.12242122955630619,0.3444257468732234,0.37829709337327033,0.39885352010306346,0.42656618652314293,0.5380584151926736,0.46774171691993904,0.3822002889606303,0.2268528105840236,0.153605,0.40039600000000003,0.622896,0.972798,1.49847,2.134614,0.181901,0.111155,0.5625,0.5416666666666666,0.5208333333333334,0.5,0.4791666666666667,0.4583333333333333,0.4375,0.4166666666666667
1,0.75,0.0,1.5198653e-05,0.9738728,0.001002599,0.025107946,1.4981289e-06,1.8773288e-11,24934010.376500152,0.1744186046511628,0.1744186046511628,0.1744186046511628,0.1744186046511628,0.1744186046511628,0.1744186046511628,0.1744186046511628,0.1744186046511628,2.063406428553348,2.0645529084502847,2.0379867219271417,1.899928306734468,1.832186589814529,1.8499863008538988,2.023133490269875,2.073714889453538,0.10570898032394337,0.1007520254293259,0.08059710564549107,0.06688920567688215,0.08117727931139213,0.11140258453437717,0.12242122955630619,0.11458920591650427,0.37829709337327033,0.39885352010306346,0.42656618652314293,0.5380584151926736,0.46774171691993904,0.3822002889606303,0.2268528105840236,0.3494186008163366,0.149029,0.400508,0.641447,0.975811,1.5612629999999998,2.1641399999999997,0.111155,0.153605,0.5416666666666666,0.5208333333333334,0.5,0.4791666666666667,0.4583333333333333,0.4375,0.4166666666666667,0.3958333333333333
1,0.75,0.0,2.3218983e-05,0.9749434,0.0010870912,0.023944467,1.7977102e-06,2.792702e-11,24938035.87763392,0.1744186046511628,0.1744186046511628,0.1744186046511628,0.1744186046511628,0.1744186046511628,0.1744186046511628,0.1744186046511628,0.1744186046511628,2.0645529084502847,2.0379867219271417,1.899928306734468,1.832186589814529,1.8499863008538988,2.023133490269875,2.073714889453538,2.0711647760765888,0.1007520254293259,0.08059710564549107,0.06688920567688215,0.08117727931139213,0.11140258453437717,0.12242122955630619,0.11458920591650427,0.09949270580007578,0.39885352010306346,0.42656618652314293,0.5380584151926736,0.46774171691993904,0.3822002889606303,0.2268528105840236,0.3494186008163366,0.4025501133769496,0.157421,0.35821800000000004,0.570392,0.873429,1.341201,2.1131930000000003,0.153605,0.149029,0.5208333333333334,0.5,0.4791666666666667,0.4583333333333333,0.4375,0.4166666666666667,0.3958333333333333,0.375
1,0.75,0.0,2.07637e-05,0.9767517,0.0009378313,0.02228839,1.3449945e-06,2.0086306e-11,24941542.171491753,0.1744186046511628,0.1744186046511628,0.1744186046511628,0.1744186046511628,0.1744186046511628,0.1744186046511628,0.1744186046511628,0.1744186046511628,2.0379867219271417,1.899928306734468,1.832186589814529,1.8499863008538988,2.023133490269875,2.073714889453538,2.0711647760765888,2.1205353902932638,0.08059710564549107,0.06688920567688215,0.08117727931139213,0.11140258453437717,0.12242122955630619,0.11458920591650427,0.09949270580007578,0.10216428357814934,0.42656618652314293,0.5380584151926736,0.46774171691993904,0.3822002889606303,0.2268528105840236,0.3494186008163366,0.4025501133769496,0.3506293857833256,0.157488,0.400322,0.620283,0.954453,1.497683,2.147852,0.149029,0.157421,0.5,0.4791666666666667,0.4583333333333333,0.4375,0.4166666666666667,0.3958333333333333,0.375,0.3541666666666667
1,0.75,0.0,9.203719e-06,0.94889116,0.0016250202,0.049471587,3.0450724e-06,7.140772e-11,24944998.894874167,0.1744186046511628,0.1744186046511628,0.1744186046511628,0.1744186046511628,0.1744186046511628,0.1744186046511628,0.1744186046511628,0.1744186046511628,1.899928306734468,1.832186589814529,1.8499863008538988,2.023133490269875,2.073714889453538,2.0711647760765888,2.1205353902932638,2.174863052051848,0.06688920567688215,0.08117727931139213,0.11140258453437717,0.12242122955630619,0.11458920591650427,0.09949270580007578,0.10216428357814934,0.1158096716782751,0.5380584151926736,0.46774171691993904,0.3822002889606303,0.2268528105840236,0.3494186008163366,0.4025501133769496,0.3506293857833256,0.3456723382414156,0.143881,0.369834,0.584349,0.885062,1.3580809999999999,2.191074,0.157421,0.157488,0.4791666666666667,0.4583333333333333,0.4375,0.4166666666666667,0.3958333333333333,0.375,0.3541666666666667,0.3333333333333333
1,0.75,0.0,5.5729815e-06,0.95395154,0.0013002345,0.044740643,1.984782e-06,3.0216593e-11,24948379.92164445,0.1744186046511628,0.1744186046511628,0.1744186046511628,0.1744186046511628,0.1744186046511628,0.1744186046511628,0.1744186046511628,0.1744186046511628,1.832186589814529,1.8499863008538988,2.023133490269875,2.073714889453538,2.0711647760765888,2.1205353902932638,2.174863052051848,2.2367603750236404,0.08117727931139213,0.11140258453437717,0.12242122955630619,0.11458920591650427,0.09949270580007578,0.10216428357814934,0.1158096716782751,0.10938511438321008,0.46774171691993904,0.3822002889606303,0.2268528105840236,0.3494186008163366,0.4025501133769496,0.3506293857833256,0.3456723382414156,0.3381026770282074,0.16344399999999998,0.412837,0.670129,1.035329,1.5872929999999998,2.286761,0.157488,0.143881,0.4583333333333333,0.4375,0.4166666666666667,0.3958333333333333,0.375,0.3541666666666667,0.3333333333333333,0.3125
1,0.75,0.0,3.8541525e-06,0.93814415,0.0016106901,0.060238604,2.775089e-06,4.5182212e-11,24952094.034946393,0.1744186046511628,0.1744186046511628,0.1744186046511628,0.1744186046511628,0.1744186046511628,0.1744186046511628,0.1744186046511628,0.1744186046511628,1.8499863008538988,2.023133490269875,2.073714889453538,2.0711647760765888,2.1205353902932638,2.174863052051848,2.2367603750236404,2.265349044829177,0.11140258453437717,0.12242122955630619,0.11458920591650427,0.09949270580007578,0.10216428357814934,0.1158096716782751,0.10938511438321008,0.11115358268253332,0.3822002889606303,0.2268528105840236,0.3494186008163366,0.4025501133769496,0.3506293857833256,0.3456723382414156,0.3381026770282074,0.37141133019446365,0.17932800000000002,0.401088,0.690253,1.026056,1.492672,2.307787,0.143881,0.16344399999999998,0.4375,0.4166666666666667,0.3958333333333333,0.375,0.3541666666666667,0.3333333333333333,0.3125,0.2916666666666667
3,0.75,0.0,5.990418e-06,0.94188833,0.001744631,0.056357592,3.440362e-06,6.765809e-11,24956127.559140462,0.1744186046511628,0.1744186046511628,0.1744186046511628,0.1744186046511628,0.1744186046511628,0.1744186046511628,0.1744186046511628,0.1744186046511628,2.023133490269875,2.073714889453538,2.0711647760765888,2.1205353902932638,2.174863052051848,2.2367603750236404,2.265349044829177,2.261996625422385,0.12242122955630619,0.11458920591650427,0.09949270580007578,0.10216428357814934,0.1158096716782751,0.10938511438321008,0.11115358268253332,0.09943860026670413,0.2268528105840236,0.3494186008163366,0.4025501133769496,0.3506293857833256,0.3456723382414156,0.3381026770282074,0.37141133019446365,0.4033524194067922,0.159914,0.365161,0.598727,0.9439420000000001,1.439896,2.143948,0.16344399999999998,0.17932800000000002,0.4166666666666667,0.3958333333333333,0.375,0.3541666666666667,0.3333333333333333,0.3125,0.2916666666666667,0.2708333333333333
3,0.75,0.0,4.8474594e-05,0.4653752,0.023548456,0.510834,0.00019368787,9.7572574e-08,24965939.045097206,0.1744186046511628,0.1744186046511628,0.1744186046511628,0.1744186046511628,0.1744186046511628,0.1744186046511628,0.1744186046511628,0.43023255813953487,2.073714889453538,2.0711647760765888,2.1205353902932638,2.174863052051848,2.2367603750236404,2.265349044829177,2.261996625422385,1.6808480297480024,0.11458920591650427,0.09949270580007578,0.10216428357814934,0.1158096716782751,0.10938511438321008,0.11115358268253332,0.09943860026670413,0.09620785313881952,0.3494186008163366,0.4025501133769496,0.3506293857833256,0.3456723382414156,0.3381026770282074,0.37141133019446365,0.4033524194067922,0.9811485956743825,0.13161,0.321064,0.487812,0.728962,1.1392909999999998,1.919781,0.17932800000000002,0.159914,0.3958333333333333,0.375,0.3541666666666667,0.3333333333333333,0.3125,0.2916666666666667,0.2708333333333333,0.25
1,1.85,0.0,4.6528236e-05,0.67619604,0.015105184,0.30857348,7.873765e-05,7.48929e-09,24973539.541861773,0.1744186046511628,0.1744186046511628,0.1744186046511628,0.1744186046511628,0.1744186046511628,0.1744186046511628,0.43023255813953487,0.43023255813953487,2.0711647760765888,2.1205353902932638,2.174863052051848,2.2367603750236404,2.265349044829177,2.261996625422385,1.6808480297480024,1.3207983532914827,0.09949270580007578,0.10216428357814934,0.1158096716782751,0.10938511438321008,0.11115358268253332,0.09943860026670413,0.09620785313881952,0.09590978360763792,0.4025501133769496,0.3506293857833256,0.3456723382414156,0.3381026770282074,0.37141133019446365,0.4033524194067922,0.9811485956743825,0.7600496764565194,0.124011,0.361565,0.575591,0.938587,1.499009,2.1474670000000002,0.159914,0.13161,0.375,0.3541666666666667,0.3333333333333333,0.3125,0.2916666666666667,0.2708333333333333,0.25,0.22916666666666666
1,-0.3500000000000001,0.0,0.21722956,0.7823871,7.5733114e-05,0.0003074768,5.3213927e-08,8.846388e-15,24980082.816152927,0.1744186046511628,0.1744186046511628,0.1744186046511628,0.1744186046511628,0.1744186046511628,0.43023255813953487,0.43023255813953487,0.1744186046511628,2.1205353902932638,2.174863052051848,2.2367603750236404,2.265349044829177,2.261996625422385,1.6808480297480024,1.3207983532914827,1.0664709241759256,0.10216428357814934,0.1158096716782751,0.10938511438321008,0.11115358268253332,0.09943860026670413,0.09620785313881952,0.09590978360763792,0.05525750318746703,0.3506293857833256,0.3456723382414156,0.3381026770282074,0.37141133019446365,0.4033524194067922,0.9811485956743825,0.7600496764565194,0.6543274291155571,0.144254,0.378327,0.605884,0.908665,1.427478,2.13387,0.13161,0.124011,0.3541666666666667,0.3333333333333333,0.3125,0.2916666666666667,0.2708333333333333,0.25,0.22916666666666666,0.20833333333333334
1,0.75,0.0,0.15924956,0.8400162,0.00014027298,0.00059388776,8.5458026e-08,1.7779286e-14,24984105.687955752,0.1744186046511628,0.1744186046511628,0.1744186046511628,0.1744186046511628,0.43023255813953487,0.43023255813953487,0.1744186046511628,0.1744186046511628,2.174863052051848,2.2367603750236404,2.265349044829177,2.261996625422385,1.6808480297480024,1.3207983532914827,1.0664709241759256,1.064183743893385,0.1158096716782751,0.10938511438321008,0.11115358268253332,0.09943860026670413,0.09620785313881952,0.09590978360763792,0.05525750318746703,0.09404401098098317,0.3456723382414156,0.3381026770282074,0.37141133019446365,0.4033524194067922,0.9811485956743825,0.7600496764565194,0.6543274291155571,0.40228718028254057,0.149991,0.39068,0.587506,0.930577,1.402287,2.14612,0.124011,0.144254,0.3333333333333333,0.3125,0.2916666666666667,0.2708333333333333,0.25,0.22916666666666666,0.20833333333333334,0.1875
0,0.75,0.0,0.75835073,0.24142374,5.275905e-05,0.00017274101,3.726913e-08,4.9861725e-15,24988647.614242468,0.1744186046511628,0.1744186046511628,0.1744186046511628,0.43023255813953487,0.43023255813953487,0.1744186046511628,0.1744186046511628,0.1744186046511628,2.2367603750236404,2.265349044829177,2.261996625422385,1.6808480297480024,1.3207983532914827,1.0664709241759256,1.064183743893385,1.00999111522163,0.10938511438321008,0.11115358268253332,0.09943860026670413,0.09620785313881952,0.09590978360763792,0.05525750318746703,0.09404401098098317,0.08601636735992571,0.3381026770282074,0.37141133019446365,0.4033524194067922,0.9811485956743825,0.7600496764565194,0.6543274291155571,0.40228718028254057,0.4541926286717549,0.147968,0.34551600000000005,0.566904,0.85845,1.3395,2.108491,0.144254,0.149991,0.3125,0.2916666666666667,0.2708333333333333,0.25,0.22916666666666666,0.20833333333333334,0.1875,0.16666666666666666
0,-0.15000000000000002,0.0,0.97125834,0.028708028,9.912097e-06,2.361031e-05,2.642026e-09,1.3245271e-16,24990231.266441073,0.1744186046511628,0.1744186046511628,0.43023255813953487,0.43023255813953487,0.1744186046511628,0.1744186046511628,0.1744186046511628,0.06976744186046512,2.265349044829177,2.261996625422385,1.6808480297480024,1.3207983532914827,1.0664709241759256,1.064183743893385,1.00999111522163,1.2516258953609514,0.11115358268253332,0.09943860026670413,0.09620785313881952,0.09590978360763792,0.05525750318746703,0.09404401098098317,0.08601636735992571,0.09343465701002675,0.37141133019446365,0.4033524194067922,0.9811485956743825,0.7600496764565194,0.6543274291155571,0.40228718028254057,0.4541926286717549,0.1583652198606788,0.161857,0.384505,0.641452,1.0250050000000002,1.527299,2.184571,0.149991,0.147968,0.2916666666666667,0.2708333333333333,0.25,0.22916666666666666,0.20833333333333334,0.1875,0.16666666666666666,0.14583333333333334
1,0.3,0.0,0.16769297,0.8322367,1.9970288e-05,5.0370658e-05,3.7581875e-09,1.0197127e-15,24991950.974287707,0.1744186046511628,0.43023255813953487,0.43023255813953487,0.1744186046511628,0.1744186046511628,0.1744186046511628,0.06976744186046512,0.06976744186046512,2.261996625422385,1.6808480297480024,1.3207983532914827,1.0664709241759256,1.064183743893385,1.00999111522163,1.2516258953609514,1.4796551106976363,0.09943860026670413,0.09620785313881952,0.09590978360763792,0.05525750318746703,0.09404401098098317,0.08601636735992571,0.09343465701002675,0.09411889369283527,0.4033524194067922,0.9811485956743825,0.7600496764565194,0.6543274291155571,0.40228718028254057,0.4541926286717549,0.1583652198606788,0.1719707846633149,0.14521,0.372093,0.5994769999999999,0.886255,1.343002,2.121928,0.147968,0.161857,0.2708333333333333,0.25,0.22916666666666666,0.20833333333333334,0.1875,0.16666666666666666,0.14583333333333334,0.125
1,0.3,0.0,0.002180628,0.99753976,4.3571883e-05,0.00023609972,1.5351846e-08,1.400872e-14,24996775.54859165,0.43023255813953487,0.43023255813953487,0.1744186046511628,0.1744186046511628,0.1744186046511628,0.06976744186046512,0.06976744186046512,0.1744186046511628,1.6808480297480024,1.3207983532914827,1.0664709241759256,1.064183743893385,1.00999111522163,1.2516258953609514,1.4796551106976363,1.3971976803033983,0.09620785313881952,0.09590978360763792,0.05525750318746703,0.09404401098098317,0.08601636735992571,0.09343465701002675,0.09411889369283527,0.07712452468520299,0.9811485956743825,0.7600496764565194,0.6543274291155571,0.40228718028254057,0.4541926286717549,0.1583652198606788,0.1719707846633149,0.4824574303942379,0.17231200000000002,0.43828100000000003,0.634861,0.973972,1.58725,2.219102,0.161857,0.14521,0.25,0.22916666666666666,0.20833333333333334,0.1875,0.16666666666666666,0.14583333333333334,0.125,0.10416666666666667
1,0.75,0.0,0.009213806,0.9906725,2.4166546e-05,8.936384e-05,8.413694e-09,3.3851301e-15,25002205.73535521,0.43023255813953487,0.1744186046511628,0.1744186046511628,0.1744186046511628,0.06976744186046512,0.06976744186046512,0.1744186046511628,0.1744186046511628,1.3207983532914827,1.0664709241759256,1.064183743893385,1.00999111522163,1.2516258953609514,1.4796551106976363,1.3971976803033983,1.254179003947604,0.09590978360763792,0.05525750318746703,0.09404401098098317,0.08601636735992571,0.09343465701002675,0.09411889369283527,0.07712452468520299,0.08071195689645697,0.7600496764565194,0.6543274291155571,0.40228718028254057,0.4541926286717549,0.1583652198606788,0.1719707846633149,0.4824574303942379,0.5430186763557945,0.167025,0.39898700000000004,0.630203,0.958994,1.4649210000000001,2.1249499999999997,0.14521,0.17231200000000002,0.22916666666666666,0.20833333333333334,0.1875,0.16666666666666666,0.14583333333333334,0.125,0.10416666666666667,0.08333333333333333
1,0.75,0.0,0.0007891309,0.9986492,7.2468574e-05,0.00048916455,3.2548297e-08,3.4723584e-14,25005056.35407442,0.1744186046511628,0.1744186046511628,0.1744186046511628,0.06976744186046512,0.06976744186046512,0.1744186046511628,0.1744186046511628,0.1744186046511628,1.0664709241759256,1.064183743893385,1.00999111522163,1.2516258953609514,1.4796551106976363,1.3971976803033983,1.254179003947604,1.3691171320266509,0.05525750318746703,0.09404401098098317,0.08601636735992571,0.09343465701002675,0.09411889369283527,0.07712452468520299,0.08071195689645697,0.13996505295897235,0.6543274291155571,0.40228718028254057,0.4541926286717549,0.1583652198606788,0.1719707846633149,0.4824574303942379,0.5430186763557945,0.2850618719209531,0.16006399999999998,0.393804,0.6386609999999999,0.9820639999999999,1.483527,2.2465059999999997,0.17231200000000002,0.167025,0.20833333333333334,0.1875,0.16666666666666666,0.14583333333333334,0.125,0.10416666666666667,0.08333333333333333,0.0625
1,0.75,0.0,0.00045315822,0.99730575,0.00024542198,0.0019954047,2.2611111e-07,7.296539e-13,25007992.280881487,0.1744186046511628,0.1744186046511628,0.06976744186046512,0.06976744186046512,0.1744186046511628,0.1744186046511628,0.1744186046511628,0.1744186046511628,1.064183743893385,1.00999111522163,1.2516258953609514,1.4796551106976363,1.3971976803033983,1.254179003947604,1.3691171320266509,1.4755244513197785,0.09404401098098317,0.08601636735992571,0.09343465701002675,0.09411889369283527,0.07712452468520299,0.08071195689645697,0.13996505295897235,0.13413277165215856,0.40228718028254057,0.4541926286717549,0.1583652198606788,0.1719707846633149,0.4824574303942379,0.5430186763557945,0.2850618719209531,0.29359268070687233,0.13750700000000002,0.331053,0.538612,0.83073,1.2314559999999999,1.96114,0.167025,0.16006399999999998,0.1875,0.16666666666666666,0.14583333333333334,0.125,0.10416666666666667,0.08333333333333333,0.0625,0.041666666666666664
1,0.75,0.0,0.00019388313,0.99637586,0.0002888894,0.0031411943,2.557004e-07,9.218676e-13,25010452.560724355,0.1744186046511628,0.06976744186046512,0.06976744186046512,0.1744186046511628,0.1744186046511628,0.1744186046511628,0.1744186046511628,0.1744186046511628,1.00999111522163,1.2516258953609514,1.4796551106976363,1.3971976803033983,1.254179003947604,1.3691171320266509,1.4755244513197785,1.629496467032996,0.08601636735992571,0.09343465701002675,0.09411889369283527,0.07712452468520299,0.08071195689645697,0.13996505295897235,0.13413277165215856,0.13455908317084303,0.4541926286717549,0.1583652198606788,0.1719707846633149,0.4824574303942379,0.5430186763557945,0.2850618719209531,0.29359268070687233,0.2460279842867823,0.11842100000000001,0.314107,0.5509059999999999,0.84637,1.364537,2.155012,0.16006399999999998,0.13750700000000002,0.16666666666666666,0.14583333333333334,0.125,0.10416666666666667,0.08333333333333333,0.0625,0.041666666666666664,0.020833333333333332
1,0.75,0.0,8.7065346e-05,0.9969021,0.00020689864,0.002803834,1.3580012e-07,3.0060977e-13,25012966.14746856,0.06976744186046512,0.06976744186046512,0.1744186046511628,0.1744186046511628,0.1744186046511628,0.1744186046511628,0.1744186046511628,0.1744186046511628,1.2516258953609514,1.4796551106976363,1.3971976803033983,1.254179003947604,1.3691171320266509,1.4755244513197785,1.629496467032996,1.7781377926127617,0.09343465701002675,0.09411889369283527,0.07712452468520299,0.08071195689645697,0.13996505295897235,0.13413277165215856,0.13455908317084303,0.12496366028524625,0.1583652198606788,0.1719707846633149,0.4824574303942379,0.5430186763557945,0.2850618719209531,0.29359268070687233,0.2460279842867823,0.2513586744202345,0.181801,0.450283,0.6682859999999999,1.034108,1.7288789999999998,2.354772,0.13750700000000002,0.11842100000000001,0.14583333333333334,0.125,0.10416666666666667,0.08333333333333333,0.0625,0.041666666666666664,0.020833333333333332,0.0
