0,-12.742207440615646,3.13772266060829,0.99921834,0.000766205,3.121406e-06,1.2404409e-05,1.3986322e-08,1.1804148e-17,3682344.9244209197,0.0,0.0,0.0,0.0,0.0,0.0,0.0,0.1744186046511628,0.0,0.0,0.0,0.0,0.0,0.0,0.0,0.4,0.0,0.0,0.0,0.0,0.0,0.0,0.0,0.14350630973634443,0.0,0.0,0.0,0.0,0.0,0.0,0.0,0.313772266060829,0.15558000000000002,0.398865,0.6110869999999999,0.9576849999999999,1.4318089999999999,2.123065,0.0,0.0,0.0,0.0,0.0,0.0,0.0,0.0,0.0,0.9791666666666666
0,-0.15000000000000002,0.0,0.9676739,0.032282323,9.768509e-06,3.4049954e-05,1.3005933e-08,3.322408e-17,3683314.774078877,0.0,0.0,0.0,0.0,0.0,0.0,0.1744186046511628,0.06976744186046512,0.0,0.0,0.0,0.0,0.0,0.0,0.4,0.70301503420424,0.0,0.0,0.0,0.0,0.0,0.0,0.14350630973634443,0.1604166158367628,0.0,0.0,0.0,0.0,0.0,0.0,0.313772266060829,0.09698496579575992,0.139857,0.350812,0.5710510000000001,0.877771,1.300868,2.177073,0.0,0.15558000000000002,0.0,0.0,0.0,0.0,0.0,0.0,0.9791666666666666,0.9583333333333334
1,0.3,0.0,0.08048021,0.9193974,2.8968494e-05,9.333967e-05,1.2208362e-08,2.519358e-16,3684118.0583769637,0.0,0.0,0.0,0.0,0.0,0.1744186046511628,0.06976744186046512,0.06976744186046512,0.0,0.0,0.0,0.0,0.0,0.4,0.70301503420424,1.022686604395588,0.0,0.0,0.0,0.0,0.0,0.14350630973634443,0.1604166158367628,0.17410647803417711,0.0,0.0,0.0,0.0,0.0,0.313772266060829,0.09698496579575992,0.08032842980865196,0.155432,0.382355,0.617681,0.933276,1.520281,2.160877,0.15558000000000002,0.139857,0.0,0.0,0.0,0.0,0.0,0.9791666666666666,0.9583333333333334,0.9375
1,0.3,0.0,8.857793e-06,0.9889262,0.0006154936,0.010448558,9.152082e-07,9.591014e-13,3685739.706684041,0.0,0.0,0.0,0.0,0.1744186046511628,0.06976744186046512,0.06976744186046512,0.1744186046511628,0.0,0.0,0.0,0.0,0.4,0.70301503420424,1.022686604395588,1.2605217736878758,0.0,0.0,0.0,0.0,0.14350630973634443,0.1604166158367628,0.17410647803417711,0.23578170330233966,0.0,0.0,0.0,0.0,0.313772266060829,0.09698496579575992,0.08032842980865196,0.16216483070771245,0.163442,0.41156099999999995,0.6528740000000001,0.996749,1.472558,2.233056,0.139857,0.155432,0.0,0.0,0.0,0.0,0.9791666666666666,0.9583333333333334,0.9375,0.9166666666666666
1,0.75,0.0,1.2212709e-07,0.29144815,0.010669954,0.69778883,9.297335e-05,3.6579628e-09,3687106.0649779765,0.0,0.0,0.0,0.1744186046511628,0.06976744186046512,0.06976744186046512,0.1744186046511628,0.1744186046511628,0.0,0.0,0.0,0.4,0.70301503420424,1.022686604395588,1.2605217736878758,1.5238859442943076,0.0,0.0,0.0,0.14350630973634443,0.1604166158367628,0.17410647803417711,0.23578170330233966,0.30121015975577914,0.0,0.0,0.0,0.313772266060829,0.09698496579575992,0.08032842980865196,0.16216483070771245,0.136635829393568,0.126289,0.318564,0.5203150000000001,0.801058,1.22426,1.941625,0.155432,0.163442,0.0,0.0,0.0,0.9791666666666666,0.9583333333333334,0.9375,0.9166666666666666,0.8958333333333334
3,0.75,0.0,1.1677416e-09,0.012500108,0.0054742834,0.9819433,8.225203e-05,1.3670529e-08,3688088.9139473927,0.0,0.0,0.1744186046511628,0.06976744186046512,0.06976744186046512,0.1744186046511628,0.1744186046511628,0.1744186046511628,0.0,0.0,0.4,0.70301503420424,1.022686604395588,1.2605217736878758,1.5238859442943076,1.825601047352673,0.0,0.0,0.14350630973634443,0.1604166158367628,0.17410647803417711,0.23578170330233966,0.30121015975577914,0.32412304424470845,0.0,0.0,0.313772266060829,0.09698496579575992,0.08032842980865196,0.16216483070771245,0.136635829393568,0.09828489694163448,0.153295,0.352642,0.561791,0.905515,1.388403,2.1575349999999998,0.163442,0.126289,0.0,0.0,0.9791666666666666,0.9583333333333334,0.9375,0.9166666666666666,0.8958333333333334,0.875
3,0.75,0.0,1.8012222e-18,2.3557085e-09,0.00040857884,0.99805284,0.0013261026,0.0002124593,3690148.7545444313,0.0,0.1744186046511628,0.06976744186046512,0.06976744186046512,0.1744186046511628,0.1744186046511628,0.1744186046511628,0.43023255813953487,0.0,0.4,0.70301503420424,1.022686604395588,1.2605217736878758,1.5238859442943076,1.825601047352673,2.019616987648795,0.0,0.14350630973634443,0.1604166158367628,0.17410647803417711,0.23578170330233966,0.30121015975577914,0.32412304424470845,0.4396044049727751,0.0,0.313772266060829,0.09698496579575992,0.08032842980865196,0.16216483070771245,0.136635829393568,0.09828489694163448,0.2059840597038783,0.17384899999999998,0.437162,0.709534,1.0604870000000002,1.638769,2.290172,0.126289,0.153295,0.0,0.9791666666666666,0.9583333333333334,0.9375,0.9166666666666666,0.8958333333333334,0.875,0.8541666666666666
3,1.85,0.0,3.9771282e-18,2.208142e-09,0.00050069264,0.9955199,0.0025732005,0.0014062052,3693010.8892891374,0.1744186046511628,0.06976744186046512,0.06976744186046512,0.1744186046511628,0.1744186046511628,0.1744186046511628,0.43023255813953487,0.43023255813953487,0.4,0.70301503420424,1.022686604395588,1.2605217736878758,1.5238859442943076,1.825601047352673,2.019616987648795,2.1334035131781968,0.14350630973634443,0.1604166158367628,0.17410647803417711,0.23578170330233966,0.30121015975577914,0.32412304424470845,0.4396044049727751,0.37052308664417555,0.313772266060829,0.09698496579575992,0.08032842980865196,0.16216483070771245,0.136635829393568,0.09828489694163448,0.2059840597038783,0.28621347447059825,0.15071,0.374758,0.584846,0.852833,1.348011,2.055469,0.153295,0.17384899999999998,0.9791666666666666,0.9583333333333334,0.9375,0.9166666666666666,0.8958333333333334,0.875,0.8541666666666666,0.8333333333333334
3,1.85,0.0,2.2257392e-16,2.477637e-08,0.00077067147,0.9975642,0.0013433457,0.0003218156,3695864.303167907,0.06976744186046512,0.06976744186046512,0.1744186046511628,0.1744186046511628,0.1744186046511628,0.43023255813953487,0.43023255813953487,0.43023255813953487,0.70301503420424,1.022686604395588,1.2605217736878758,1.5238859442943076,1.825601047352673,2.019616987648795,2.1334035131781968,2.2480621253012396,0.1604166158367628,0.17410647803417711,0.23578170330233966,0.30121015975577914,0.32412304424470845,0.4396044049727751,0.37052308664417555,0.2988816331011024,0.09698496579575992,0.08032842980865196,0.16216483070771245,0.136635829393568,0.09828489694163448,0.2059840597038783,0.28621347447059825,0.28534138787695695,0.13910499999999998,0.36279500000000003,0.560821,0.913888,1.4297650000000002,2.169201,0.17384899999999998,0.15071,0.9583333333333334,0.9375,0.9166666666666666,0.8958333333333334,0.875,0.8541666666666666,0.8333333333333334,0.8125
3,1.85,0.0,3.004958e-11,3.561429e-05,0.0036829184,0.9959074,0.0003681919,5.889904e-06,3701292.81466158,0.06976744186046512,0.1744186046511628,0.1744186046511628,0.1744186046511628,0.43023255813953487,0.43023255813953487,0.43023255813953487,0.43023255813953487,1.022686604395588,1.2605217736878758,1.5238859442943076,1.825601047352673,2.019616987648795,2.1334035131781968,2.2480621253012396,2.10521097593391,0.17410647803417711,0.23578170330233966,0.30121015975577914,0.32412304424470845,0.4396044049727751,0.37052308664417555,0.2988816331011024,0.1683496481613971,0.08032842980865196,0.16216483070771245,0.136635829393568,0.09828489694163448,0.2059840597038783,0.28621347447059825,0.28534138787695695,0.5428511493673298,0.14184,0.35322000000000003,0.60741,0.939819,1.354548,2.1735219999999997,0.15071,0.13910499999999998,0.9375,0.9166666666666666,0.8958333333333334,0.875,0.8541666666666666,0.8333333333333334,0.8125,0.7916666666666666
3,1.85,0.0,0.0017534252,0.5117445,0.026951907,0.4594884,6.175607e-05,2.4698727e-08,3711018.395914649,0.1744186046511628,0.1744186046511628,0.1744186046511628,0.43023255813953487,0.43023255813953487,0.43023255813953487,0.43023255813953487,0.43023255813953487,1.2605217736878758,1.5238859442943076,1.825601047352673,2.019616987648795,2.1334035131781968,2.2480621253012396,2.10521097593391,1.532652850626988,0.23578170330233966,0.30121015975577914,0.32412304424470845,0.4396044049727751,0.37052308664417555,0.2988816331011024,0.1683496481613971,0.09663371016548856,0.16216483070771245,0.136635829393568,0.09828489694163448,0.2059840597038783,0.28621347447059825,0.28534138787695695,0.5428511493673298,0.9725581253069219,0.156148,0.405134,0.594078,0.917428,1.519951,2.1024520000000004,0.13910499999999998,0.14184,0.9166666666666666,0.8958333333333334,0.875,0.8541666666666666,0.8333333333333334,0.8125,0.7916666666666666,0.7708333333333334
1,1.85,0.0,0.0061528473,0.9247069,0.006473539,0.06265834,8.326584e-06,6.4152533e-10,3719175.424032842,0.1744186046511628,0.1744186046511628,0.43023255813953487,0.43023255813953487,0.43023255813953487,0.43023255813953487,0.43023255813953487,0.43023255813953487,1.5238859442943076,1.825601047352673,2.019616987648795,2.1334035131781968,2.2480621253012396,2.10521097593391,1.532652850626988,1.1169500388077118,0.30121015975577914,0.32412304424470845,0.4396044049727751,0.37052308664417555,0.2988816331011024,0.1683496481613971,0.09663371016548856,0.11247086398462258,0.136635829393568,0.09828489694163448,0.2059840597038783,0.28621347447059825,0.28534138787695695,0.5428511493673298,0.9725581253069219,0.8157028118192763,0.160746,0.386351,0.624282,0.946851,1.422919,2.2094630000000004,0.14184,0.156148,0.8958333333333334,0.875,0.8541666666666666,0.8333333333333334,0.8125,0.7916666666666666,0.7708333333333334,0.75
3,-0.3500000000000001,0.0,1.6509079e-05,0.6405877,0.0073855543,0.35199732,1.2941034e-05,4.093655e-10,3720612.7894404894,0.1744186046511628,0.43023255813953487,0.43023255813953487,0.43023255813953487,0.43023255813953487,0.43023255813953487,0.43023255813953487,0.1744186046511628,1.825601047352673,2.019616987648795,2.1334035131781968,2.2480621253012396,2.10521097593391,1.532652850626988,1.1169500388077118,1.373213498042943,0.32412304424470845,0.4396044049727751,0.37052308664417555,0.2988816331011024,0.1683496481613971,0.09663371016548856,0.11247086398462258,0.26879107980779915,0.09828489694163448,0.2059840597038783,0.28621347447059825,0.28534138787695695,0.5428511493673298,0.9725581253069219,0.8157028118192763,0.143736540764769,0.179801,0.434409,0.687371,1.036454,1.578343,2.275376,0.156148,0.160746,0.875,0.8541666666666666,0.8333333333333334,0.8125,0.7916666666666666,0.7708333333333334,0.75,0.7291666666666666
3,0.75,0.0,3.7780206e-11,2.7665146e-05,0.0040714806,0.9954265,0.00046804364,6.448797e-06,3724299.580645994,0.43023255813953487,0.43023255813953487,0.43023255813953487,0.43023255813953487,0.43023255813953487,0.43023255813953487,0.1744186046511628,0.43023255813953487,2.019616987648795,2.1334035131781968,2.2480621253012396,2.10521097593391,1.532652850626988,1.1169500388077118,1.373213498042943,1.4045343774924974,0.4396044049727751,0.37052308664417555,0.2988816331011024,0.1683496481613971,0.09663371016548856,0.11247086398462258,0.26879107980779915,0.28112630800804606,0.2059840597038783,0.28621347447059825,0.28534138787695695,0.5428511493673298,0.9725581253069219,0.8157028118192763,0.143736540764769,0.36867912055044516,0.14005099999999998,0.33705900000000005,0.52695,0.821631,1.231445,2.0053989999999997,0.160746,0.179801,0.8541666666666666,0.8333333333333334,0.8125,0.7916666666666666,0.7708333333333334,0.75,0.7291666666666666,0.7083333333333334
3,1.85,0.0,8.7131994e-13,2.234919e-06,0.0022985947,0.9971138,0.0005655146,1.9691151e-05,3726850.801097577,0.43023255813953487,0.43023255813953487,0.43023255813953487,0.43023255813953487,0.43023255813953487,0.1744186046511628,0.43023255813953487,0.43023255813953487,2.1334035131781968,2.2480621253012396,2.10521097593391,1.532652850626988,1.1169500388077118,1.373213498042943,1.4045343774924974,1.5494123323341609,0.37052308664417555,0.2988816331011024,0.1683496481613971,0.09663371016548856,0.11247086398462258,0.26879107980779915,0.28112630800804606,0.3220540974771782,0.28621347447059825,0.28534138787695695,0.5428511493673298,0.9725581253069219,0.8157028118192763,0.143736540764769,0.36867912055044516,0.2551220451583366,0.138313,0.366214,0.587876,0.9231699999999999,1.471065,2.152483,0.179801,0.14005099999999998,0.8333333333333334,0.8125,0.7916666666666666,0.7708333333333334,0.75,0.7291666666666666,0.7083333333333334,0.6875
3,1.85,0.0,1.4577044e-12,2.8498125e-06,0.0023524996,0.9971238,0.0005024549,1.8420851e-05,3729903.925218142,0.43023255813953487,0.43023255813953487,0.43023255813953487,0.43023255813953487,0.1744186046511628,0.43023255813953487,0.43023255813953487,0.43023255813953487,2.2480621253012396,2.10521097593391,1.532652850626988,1.1169500388077118,1.373213498042943,1.4045343774924974,1.5494123323341609,1.644099920277635,0.2988816331011024,0.1683496481613971,0.09663371016548856,0.11247086398462258,0.26879107980779915,0.28112630800804606,0.3220540974771782,0.30236897143542374,0.28534138787695695,0.5428511493673298,0.9725581253069219,0.8157028118192763,0.143736540764769,0.36867912055044516,0.2551220451583366,0.3053124120565259,0.143509,0.360831,0.617242,0.966699,1.491626,2.2896889999999996,0.14005099999999998,0.138313,0.8125,0.7916666666666666,0.7708333333333334,0.75,0.7291666666666666,0.7083333333333334,0.6875,0.6666666666666666
3,1.85,0.0,1.5675399e-13,7.142988e-07,0.0019842212,0.9968708,0.0010382581,0.00010600608,3733187.0034441757,0.43023255813953487,0.43023255813953487,0.43023255813953487,0.1744186046511628,0.43023255813953487,0.43023255813953487,0.43023255813953487,0.43023255813953487,2.10521097593391,1.532652850626988,1.1169500388077118,1.373213498042943,1.4045343774924974,1.5494123323341609,1.644099920277635,1.715792097674278,0.1683496481613971,0.09663371016548856,0.11247086398462258,0.26879107980779915,0.28112630800804606,0.3220540974771782,0.30236897143542374,0.29444896936492143,0.5428511493673298,0.9725581253069219,0.8157028118192763,0.143736540764769,0.36867912055044516,0.2551220451583366,0.3053124120565259,0.3283078226033573,0.15061600000000003,0.37296300000000004,0.581493,0.885714,1.358801,2.0595120000000002,0.138313,0.143509,0.7916666666666666,0.7708333333333334,0.75,0.7291666666666666,0.7083333333333334,0.6875,0.6666666666666666,0.6458333333333334
3,1.85,0.0,8.9378017e-13,1.6821517e-06,0.0021940013,0.99719256,0.0005753208,3.6353453e-05,3736399.1267183493,0.43023255813953487,0.43023255813953487,0.1744186046511628,0.43023255813953487,0.43023255813953487,0.43023255813953487,0.43023255813953487,0.43023255813953487,1.532652850626988,1.1169500388077118,1.373213498042943,1.4045343774924974,1.5494123323341609,1.644099920277635,1.715792097674278,1.7945797702569113,0.09663371016548856,0.11247086398462258,0.26879107980779915,0.28112630800804606,0.3220540974771782,0.30236897143542374,0.29444896936492143,0.2757409739287963,0.9725581253069219,0.8157028118192763,0.143736540764769,0.36867912055044516,0.2551220451583366,0.3053124120565259,0.3283078226033573,0.3212123274173663,0.16538399999999998,0.405596,0.639204,0.9877079999999999,1.537156,2.220726,0.143509,0.15061600000000003,0.7708333333333334,0.75,0.7291666666666666,0.7083333333333334,0.6875,0.6666666666666666,0.6458333333333334,0.625
3,1.85,0.0,7.074465e-16,2.1325596e-08,0.0008963577,0.996872,0.0015883283,0.0006433138,3738999.465955485,0.43023255813953487,0.1744186046511628,0.43023255813953487,0.43023255813953487,0.43023255813953487,0.43023255813953487,0.43023255813953487,0.43023255813953487,1.1169500388077118,1.373213498042943,1.4045343774924974,1.5494123323341609,1.644099920277635,1.715792097674278,1.7945797702569113,1.9345458465433178,0.11247086398462258,0.26879107980779915,0.28112630800804606,0.3220540974771782,0.30236897143542374,0.29444896936492143,0.2757409739287963,0.379838132615297,0.8157028118192763,0.143736540764769,0.36867912055044516,0.2551220451583366,0.3053124120565259,0.3283078226033573,0.3212123274173663,0.2600339237135937,0.140881,0.350713,0.5868390000000001,0.923755,1.33605,2.156729,0.15061600000000003,0.16538399999999998,0.75,0.7291666666666666,0.7083333333333334,0.6875,0.6666666666666666,0.6458333333333334,0.625,0.6041666666666666
3,1.85,0.0,1.0000493e-14,1.7134694e-07,0.0012497217,0.9975303,0.0010566473,0.00016315485,3742029.057491236,0.1744186046511628,0.43023255813953487,0.43023255813953487,0.43023255813953487,0.43023255813953487,0.43023255813953487,0.43023255813953487,0.43023255813953487,1.373213498042943,1.4045343774924974,1.5494123323341609,1.644099920277635,1.715792097674278,1.7945797702569113,1.9345458465433178,2.0315866929682524,0.26879107980779915,0.28112630800804606,0.3220540974771782,0.30236897143542374,0.29444896936492143,0.2757409739287963,0.379838132615297,0.304910740969283,0.143736540764769,0.36867912055044516,0.2551220451583366,0.3053124120565259,0.3283078226033573,0.3212123274173663,0.2600339237135937,0.3029591535750654,0.157671,0.386472,0.6017380000000001,0.8916040000000001,1.415116,2.039773,0.16538399999999998,0.140881,0.7291666666666666,0.7083333333333334,0.6875,0.6666666666666666,0.6458333333333334,0.625,0.6041666666666666,0.5833333333333334
3,1.85,0.0,4.3230824e-14,4.089796e-07,0.0014128648,0.99778026,0.0007273443,7.9073005e-05,3745284.669353878,0.43023255813953487,0.43023255813953487,0.43023255813953487,0.43023255813953487,0.43023255813953487,0.43023255813953487,0.43023255813953487,0.43023255813953487,1.4045343774924974,1.5494123323341609,1.644099920277635,1.715792097674278,1.7945797702569113,1.9345458465433178,2.0315866929682524,2.1060255067040146,0.28112630800804606,0.3220540974771782,0.30236897143542374,0.29444896936492143,0.2757409739287963,0.379838132615297,0.304910740969283,0.27386679912031664,0.36867912055044516,0.2551220451583366,0.3053124120565259,0.3283078226033573,0.3212123274173663,0.2600339237135937,0.3029591535750654,0.3255611862642378,0.157812,0.399894,0.616206,0.9552309999999999,1.468126,2.176469,0.140881,0.157671,0.7083333333333334,0.6875,0.6666666666666666,0.6458333333333334,0.625,0.6041666666666666,0.5833333333333334,0.5625
3,1.85,0.0,4.490417e-14,4.743711e-07,0.0013935332,0.9979189,0.00063256786,5.454758e-05,3748913.487345382,0.43023255813953487,0.43023255813953487,0.43023255813953487,0.43023255813953487,0.43023255813953487,0.43023255813953487,0.43023255813953487,0.43023255813953487,1.5494123323341609,1.644099920277635,1.715792097674278,1.7945797702569113,1.9345458465433178,2.0315866929682524,2.1060255067040146,2.1431437075536364,0.3220540974771782,0.30236897143542374,0.29444896936492143,0.2757409739287963,0.379838132615297,0.304910740969283,0.27386679912031664,0.26323475088486126,0.2551220451583366,0.3053124120565259,0.3283078226033573,0.3212123274173663,0.2600339237135937,0.3029591535750654,0.3255611862642378,0.3628817991503779,0.163927,0.401853,0.656471,0.9680259999999999,1.50576,2.2215059999999998,0.157671,0.157812,0.6875,0.6666666666666666,0.6458333333333334,0.625,0.6041666666666666,0.5833333333333334,0.5625,0.5416666666666666
3,1.85,0.0,8.6892335e-16,2.9774599e-08,0.0009296249,0.99636996,0.0017814575,0.00091898727,3751983.7148321727,0.43023255813953487,0.43023255813953487,0.43023255813953487,0.43023255813953487,0.43023255813953487,0.43023255813953487,0.43023255813953487,0.43023255813953487,1.644099920277635,1.715792097674278,1.7945797702569113,1.9345458465433178,2.0315866929682524,2.1060255067040146,2.1431437075536364,2.236120958874581,0.30236897143542374,0.29444896936492143,0.2757409739287963,0.379838132615297,0.304910740969283,0.27386679912031664,0.26323475088486126,0.31529455200465323,0.3053124120565259,0.3283078226033573,0.3212123274173663,0.2600339237135937,0.3029591535750654,0.3255611862642378,0.3628817991503779,0.30702274867905543,0.137654,0.3438,0.536667,0.8741749999999999,1.32399,2.044075,0.157812,0.163927,0.6666666666666666,0.6458333333333334,0.625,0.6041666666666666,0.5833333333333334,0.5625,0.5416666666666666,0.5208333333333334
3,1.85,0.0,5.272429e-17,4.7612634e-09,0.00059045415,0.9959431,0.001836687,0.0016297365,3754534.656680379,0.43023255813953487,0.43023255813953487,0.43023255813953487,0.43023255813953487,0.43023255813953487,0.43023255813953487,0.43023255813953487,0.43023255813953487,1.715792097674278,1.7945797702569113,1.9345458465433178,2.0315866929682524,2.1060255067040146,2.1431437075536364,2.236120958874581,2.3810267740539386,0.29444896936492143,0.2757409739287963,0.379838132615297,0.304910740969283,0.27386679912031664,0.26323475088486126,0.31529455200465323,0.3426871532232829,0.3283078226033573,0.3212123274173663,0.2600339237135937,0.3029591535750654,0.3255611862642378,0.3628817991503779,0.30702274867905543,0.2550941848206426,0.146754,0.35990300000000003,0.587236,0.897976,1.383735,2.18679,0.163927,0.137654,0.6458333333333334,0.625,0.6041666666666666,0.5833333333333334,0.5625,0.5416666666666666,0.5208333333333334,0.5
3,1.85,0.0,7.0761474e-22,3.1474968e-12,0.00012483969,0.90329677,0.0059931483,0.09058533,3756379.508037025,0.43023255813953487,0.43023255813953487,0.43023255813953487,0.43023255813953487,0.43023255813953487,0.43023255813953487,0.43023255813953487,0.43023255813953487,1.7945797702569113,1.9345458465433178,2.0315866929682524,2.1060255067040146,2.1431437075536364,2.236120958874581,2.3810267740539386,2.596541638389353,0.2757409739287963,0.379838132615297,0.304910740969283,0.27386679912031664,0.26323475088486126,0.31529455200465323,0.3426871532232829,0.4867470741017426,0.3212123274173663,0.2600339237135937,0.3029591535750654,0.3255611862642378,0.3628817991503779,0.30702274867905543,0.2550941848206426,0.1844851356645854,0.153938,0.3797,0.590335,0.9059349999999999,1.480464,2.1052310000000003,0.137654,0.146754,0.625,0.6041666666666666,0.5833333333333334,0.5625,0.5416666666666666,0.5208333333333334,0.5,0.4791666666666667
3,1.85,0.0,5.980275e-21,1.30095205e-11,0.0001507249,0.97794455,0.0029678957,0.018936843,3758652.195518122,0.43023255813953487,0.43023255813953487,0.43023255813953487,0.43023255813953487,0.43023255813953487,0.43023255813953487,0.43023255813953487,0.43023255813953487,1.9345458465433178,2.0315866929682524,2.1060255067040146,2.1431437075536364,2.236120958874581,2.3810267740539386,2.596541638389353,2.769272890279643,0.379838132615297,0.304910740969283,0.27386679912031664,0.26323475088486126,0.31529455200465323,0.3426871532232829,0.4867470741017426,0.3986183791370527,0.2600339237135937,0.3029591535750654,0.3255611862642378,0.3628817991503779,0.30702274867905543,0.2550941848206426,0.1844851356645854,0.2272687481097107,0.181901,0.425781,0.696376,1.0765989999999999,1.547572,2.395588,0.146754,0.153938,0.6041666666666666,0.5833333333333334,0.5625,0.5416666666666666,0.5208333333333334,0.5,0.4791666666666667,0.4583333333333333
5,1.85,0.0,7.707706e-21,1.3255897e-11,0.00017214645,0.8323205,0.007243494,0.16026385,3761488.499570848,0.43023255813953487,0.43023255813953487,0.43023255813953487,0.43023255813953487,0.43023255813953487,0.43023255813953487,0.43023255813953487,0.43023255813953487,2.0315866929682524,2.1060255067040146,2.1431437075536364,2.236120958874581,2.3810267740539386,2.596541638389353,2.769272890279643,2.885642485007042,0.304910740969283,0.27386679912031664,0.26323475088486126,0.31529455200465323,0.3426871532232829,0.4867470741017426,0.3986183791370527,0.3795781340739076,0.3029591535750654,0.3255611862642378,0.3628817991503779,0.30702274867905543,0.2550941848206426,0.1844851356645854,0.2272687481097107,0.28363040527260075,0.111155,0.277716,0.48716000000000004,0.758197,1.141971,1.972048,0.153938,0.181901,0.5833333333333334,0.5625,0.5416666666666666,0.5208333333333334,0.5,0.4791666666666667,0.4583333333333333,0.4375
5,1.8499999999999996,0.0,6.465464e-30,8.379879e-20,7.721456e-08,0.0014179928,0.00036873898,0.9982132,3766918.082743776,0.43023255813953487,0.43023255813953487,0.43023255813953487,0.43023255813953487,0.43023255813953487,0.43023255813953487,0.43023255813953487,1.0,2.1060255067040146,2.1431437075536364,2.236120958874581,2.3810267740539386,2.596541638389353,2.769272890279643,2.885642485007042,2.742684167714237,0.27386679912031664,0.26323475088486126,0.31529455200465323,0.3426871532232829,0.4867470741017426,0.3986183791370527,0.3795781340739076,0.36320430817464017,0.3255611862642378,0.3628817991503779,0.30702274867905543,0.2550941848206426,0.1844851356645854,0.2272687481097107,0.28363040527260075,0.542958317292805,0.153605,0.40039600000000003,0.622896,0.972798,1.49847,2.134614,0.181901,0.111155,0.5625,0.5416666666666666,0.5208333333333334,0.5,0.4791666666666667,0.4583333333333333,0.4375,0.4166666666666667
5,4.3,0.0,3.4280873e-29,2.1151949e-19,1.3396802e-07,0.0020490238,0.00044670512,0.9975042,3772884.1859740885,0.43023255813953487,0.43023255813953487,0.43023255813953487,0.43023255813953487,0.43023255813953487,0.43023255813953487,1.0,1.0,2.1431437075536364,2.236120958874581,2.3810267740539386,2.596541638389353,2.769272890279643,2.885642485007042,2.742684167714237,2.5460738446829976,0.26323475088486126,0.31529455200465323,0.3426871532232829,0.4867470741017426,0.3986183791370527,0.3795781340739076,0.36320430817464017,0.3577903226941363,0.3628817991503779,0.30702274867905543,0.2550941848206426,0.1844851356645854,0.2272687481097107,0.28363040527260075,0.542958317292805,0.5966103230312393,0.149029,0.400508,0.641447,0.975811,1.5612629999999998,2.1641399999999997,0.111155,0.153605,0.5416666666666666,0.5208333333333334,0.5,0.4791666666666667,0.4583333333333333,0.4375,0.4166666666666667,0.3958333333333333
5,4.3,0.0,1.5140843e-31,3.6534346e-21,1.978207e-08,0.0004899426,0.0002066783,0.99930334,3777880.576761332,0.43023255813953487,0.43023255813953487,0.43023255813953487,0.43023255813953487,0.43023255813953487,1.0,1.0,1.0,2.236120958874581,2.3810267740539386,2.596541638389353,2.769272890279643,2.885642485007042,2.742684167714237,2.5460738446829976,2.446434765958638,0.31529455200465323,0.3426871532232829,0.4867470741017426,0.3986183791370527,0.3795781340739076,0.36320430817464017,0.3577903226941363,0.4331406593586145,0.30702274867905543,0.2550941848206426,0.1844851356645854,0.2272687481097107,0.28363040527260075,0.542958317292805,0.5966103230312393,0.49963907872436,0.157421,0.35821800000000004,0.570392,0.873429,1.341201,2.1131930000000003,0.153605,0.149029,0.5208333333333334,0.5,0.4791666666666667,0.4583333333333333,0.4375,0.4166666666666667,0.3958333333333333,0.375
5,4.3,0.0,3.3515123e-30,3.094684e-20,6.066813e-08,0.0011990488,0.00031786057,0.998483,3783063.4698827877,0.43023255813953487,0.43023255813953487,0.43023255813953487,0.43023255813953487,1.0,1.0,1.0,1.0,2.3810267740539386,2.596541638389353,2.769272890279643,2.885642485007042,2.742684167714237,2.5460738446829976,2.446434765958638,2.3281454538130655,0.3426871532232829,0.4867470741017426,0.3986183791370527,0.3795781340739076,0.36320430817464017,0.3577903226941363,0.4331406593586145,0.40772459521728804,0.2550941848206426,0.1844851356645854,0.2272687481097107,0.28363040527260075,0.542958317292805,0.5966103230312393,0.49963907872436,0.5182893121455721,0.157488,0.400322,0.620283,0.954453,1.497683,2.147852,0.149029,0.157421,0.5,0.4791666666666667,0.4583333333333333,0.4375,0.4166666666666667,0.3958333333333333,0.375,0.3541666666666667
5,4.3,0.0,2.9338346e-27,2.8469691e-18,4.6834037e-07,0.004352186,0.00075025926,0.99489707,3789002.4171356424,0.43023255813953487,0.43023255813953487,0.43023255813953487,1.0,1.0,1.0,1.0,1.0,2.596541638389353,2.769272890279643,2.885642485007042,2.742684167714237,2.5460738446829976,2.446434765958638,2.3281454538130655,2.1342507285276033,0.4867470741017426,0.3986183791370527,0.3795781340739076,0.36320430817464017,0.3577903226941363,0.4331406593586145,0.40772459521728804,0.3616553420250721,0.1844851356645854,0.2272687481097107,0.28363040527260075,0.542958317292805,0.5966103230312393,0.49963907872436,0.5182893121455721,0.593894725285462,0.143881,0.369834,0.584349,0.885062,1.3580809999999999,2.191074,0.157421,0.157488,0.4791666666666667,0.4583333333333333,0.4375,0.4166666666666667,0.3958333333333333,0.375,0.3541666666666667,0.3333333333333333
5,4.3,0.0,2.422638e-25,7.037064e-17,2.6563312e-06,0.018375706,0.0016503189,0.9799713,3795049.4048372447,0.43023255813953487,0.43023255813953487,1.0,1.0,1.0,1.0,1.0,1.0,2.769272890279643,2.885642485007042,2.742684167714237,2.5460738446829976,2.446434765958638,2.3281454538130655,2.1342507285276033,1.929551958367386,0.3986183791370527,0.3795781340739076,0.36320430817464017,0.3577903226941363,0.4331406593586145,0.40772459521728804,0.3616553420250721,0.36234140172295437,0.2272687481097107,0.28363040527260075,0.542958317292805,0.5966103230312393,0.49963907872436,0.5182893121455721,0.593894725285462,0.604698770160218,0.16344399999999998,0.412837,0.670129,1.035329,1.5872929999999998,2.286761,0.157488,0.143881,0.4583333333333333,0.4375,0.4166666666666667,0.3958333333333333,0.375,0.3541666666666667,0.3333333333333333,0.3125
5,4.3,0.0,4.4528563e-24,5.5420937e-16,7.348479e-06,0.03776524,0.002774697,0.9594527,3801475.79215896,0.43023255813953487,1.0,1.0,1.0,1.0,1.0,1.0,1.0,2.885642485007042,2.742684167714237,2.5460738446829976,2.446434765958638,2.3281454538130655,2.1342507285276033,1.929551958367386,1.6869132261958637,0.3795781340739076,0.36320430817464017,0.3577903226941363,0.4331406593586145,0.40772459521728804,0.3616553420250721,0.36234140172295437,0.35583927415530525,0.28363040527260075,0.542958317292805,0.5966103230312393,0.49963907872436,0.5182893121455721,0.593894725285462,0.604698770160218,0.642638732171522,0.17932800000000002,0.401088,0.690253,1.026056,1.492672,2.307787,0.143881,0.16344399999999998,0.4375,0.4166666666666667,0.3958333333333333,0.375,0.3541666666666667,0.3333333333333333,0.3125,0.2916666666666667
3,4.3,0.0,3.6805404e-14,2.4096785e-09,0.0025886004,0.9492586,0.010090274,0.03806243,3811734.244095886,1.0,1.0,1.0,1.0,1.0,1.0,1.0,1.0,2.742684167714237,2.5460738446829976,2.446434765958638,2.3281454538130655,2.1342507285276033,1.929551958367386,1.6869132261958637,1.061068032503238,0.36320430817464017,0.3577903226941363,0.4331406593586145,0.40772459521728804,0.3616553420250721,0.36234140172295437,0.35583927415530525,0.22496445021035824,0.542958317292805,0.5966103230312393,0.49963907872436,0.5182893121455721,0.593894725285462,0.604698770160218,0.642638732171522,1.0258451936926256,0.159914,0.365161,0.598727,0.9439420000000001,1.439896,2.143948,0.16344399999999998,0.17932800000000002,0.4166666666666667,0.3958333333333333,0.375,0.3541666666666667,0.3333333333333333,0.3125,0.2916666666666667,0.2708333333333333
3,-0.6000000000000001,0.0,1.7128842e-07,0.0015865328,0.011981085,0.98616993,0.0002605134,1.7453632e-06,3815871.2607225687,1.0,1.0,1.0,1.0,1.0,1.0,1.0,0.43023255813953487,2.5460738446829976,2.446434765958638,2.3281454538130655,2.1342507285276033,1.929551958367386,1.6869132261958637,1.061068032503238,1.0473663698349804,0.3577903226941363,0.4331406593586145,0.40772459521728804,0.3616553420250721,0.36234140172295437,0.35583927415530525,0.22496445021035824,0.22816973804549007,0.5966103230312393,0.49963907872436,0.5182893121455721,0.593894725285462,0.604698770160218,0.642638732171522,1.0258451936926256,0.4137016626682574,0.13161,0.321064,0.487812,0.728962,1.1392909999999998,1.919781,0.17932800000000002,0.159914,0.3958333333333333,0.375,0.3541666666666667,0.3333333333333333,0.3125,0.2916666666666667,0.2708333333333333,0.25
3,1.85,0.0,9.150963e-11,1.0428254e-05,0.0037270195,0.9958786,0.00037245444,1.1480405e-05,3817923.9379220014,1.0,1.0,1.0,1.0,1.0,1.0,0.43023255813953487,0.43023255813953487,2.446434765958638,2.3281454538130655,2.1342507285276033,1.929551958367386,1.6869132261958637,1.061068032503238,1.0473663698349804,1.2420986498917412,0.4331406593586145,0.40772459521728804,0.3616553420250721,0.36234140172295437,0.35583927415530525,0.22496445021035824,0.22816973804549007,0.35512744049652445,0.49963907872436,0.5182893121455721,0.593894725285462,0.604698770160218,0.642638732171522,1.0258451936926256,0.4137016626682574,0.2052677199432394,0.124011,0.361565,0.575591,0.938587,1.499009,2.1474670000000002,0.159914,0.13161,0.375,0.3541666666666667,0.3333333333333333,0.3125,0.2916666666666667,0.2708333333333333,0.25,0.22916666666666666
3,1.85,0.0,1.184294e-11,5.0628964e-06,0.0030243744,0.99650913,0.00044699892,1.4371826e-05,3820826.6366367843,1.0,1.0,1.0,1.0,1.0,0.43023255813953487,0.43023255813953487,0.43023255813953487,2.3281454538130655,2.1342507285276033,1.929551958367386,1.6869132261958637,1.061068032503238,1.0473663698349804,1.2420986498917412,1.3518287784134293,0.40772459521728804,0.3616553420250721,0.36234140172295437,0.35583927415530525,0.22496445021035824,0.22816973804549007,0.35512744049652445,0.32334978315864527,0.5182893121455721,0.593894725285462,0.604698770160218,0.642638732171522,1.0258451936926256,0.4137016626682574,0.2052677199432394,0.29026987147831196,0.144254,0.378327,0.605884,0.908665,1.427478,2.13387,0.13161,0.124011,0.3541666666666667,0.3333333333333333,0.3125,0.2916666666666667,0.2708333333333333,0.25,0.22916666666666666,0.20833333333333334
3,1.85,0.0,8.109466e-12,4.2331476e-06,0.0028795234,0.9965932,0.00049916975,2.3824121e-05,3823648.754032589,1.0,1.0,1.0,1.0,0.43023255813953487,0.43023255813953487,0.43023255813953487,0.43023255813953487,2.1342507285276033,1.929551958367386,1.6869132261958637,1.061068032503238,1.0473663698349804,1.2420986498917412,1.3518287784134293,1.469617038832953,0.3616553420250721,0.36234140172295437,0.35583927415530525,0.22496445021035824,0.22816973804549007,0.35512744049652445,0.32334978315864527,0.32197987275468476,0.593894725285462,0.604698770160218,0.642638732171522,1.0258451936926256,0.4137016626682574,0.2052677199432394,0.29026987147831196,0.2822117395804763,0.149991,0.39068,0.587506,0.930577,1.402287,2.14612,0.124011,0.144254,0.3333333333333333,0.3125,0.2916666666666667,0.2708333333333333,0.25,0.22916666666666666,0.20833333333333334,0.1875
3,1.85,0.0,1.475718e-13,3.491991e-07,0.0017563759,0.99711525,0.00096179807,0.0001662744,3826335.97913499,1.0,1.0,1.0,0.43023255813953487,0.43023255813953487,0.43023255813953487,0.43023255813953487,0.43023255813953487,1.929551958367386,1.6869132261958637,1.061068032503238,1.0473663698349804,1.2420986498917412,1.3518287784134293,1.469617038832953,1.6008945285928617,0.36234140172295437,0.35583927415530525,0.22496445021035824,0.22816973804549007,0.35512744049652445,0.32334978315864527,0.32197987275468476,0.34629663111161474,0.604698770160218,0.642638732171522,1.0258451936926256,0.4137016626682574,0.2052677199432394,0.29026987147831196,0.2822117395804763,0.2687225102400913,0.147968,0.34551600000000005,0.566904,0.85845,1.3395,2.108491,0.144254,0.149991,0.3125,0.2916666666666667,0.2708333333333333,0.25,0.22916666666666666,0.20833333333333334,0.1875,0.16666666666666666
3,1.85,0.0,9.639712e-15,7.012964e-08,0.0011758739,0.997614,0.0009885434,0.0002215022,3828844.99203023,1.0,1.0,0.43023255813953487,0.43023255813953487,0.43023255813953487,0.43023255813953487,0.43023255813953487,0.43023255813953487,1.6869132261958637,1.061068032503238,1.0473663698349804,1.2420986498917412,1.3518287784134293,1.469617038832953,1.6008945285928617,1.7499932390688593,0.35583927415530525,0.22496445021035824,0.22816973804549007,0.35512744049652445,0.32334978315864527,0.32197987275468476,0.34629663111161474,0.342146507747572,0.642638732171522,1.0258451936926256,0.4137016626682574,0.2052677199432394,0.29026987147831196,0.2822117395804763,0.2687225102400913,0.2509012895240027,0.161857,0.384505,0.641452,1.0250050000000002,1.527299,2.184571,0.149991,0.147968,0.2916666666666667,0.2708333333333333,0.25,0.22916666666666666,0.20833333333333334,0.1875,0.16666666666666666,0.14583333333333334
2,1.85,0.0,5.440897e-13,1.1245625e-06,0.002126458,0.99702114,0.0007731044,7.8036624e-05,3832590.1432088227,1.0,0.43023255813953487,0.43023255813953487,0.43023255813953487,0.43023255813953487,0.43023255813953487,0.43023255813953487,0.43023255813953487,1.061068032503238,1.0473663698349804,1.2420986498917412,1.3518287784134293,1.469617038832953,1.6008945285928617,1.7499932390688593,1.775478121209559,0.22496445021035824,0.22816973804549007,0.35512744049652445,0.32334978315864527,0.32197987275468476,0.34629663111161474,0.342146507747572,0.2736885511748765,1.0258451936926256,0.4137016626682574,0.2052677199432394,0.29026987147831196,0.2822117395804763,0.2687225102400913,0.2509012895240027,0.37451511785930025,0.14521,0.372093,0.5994769999999999,0.886255,1.343002,2.121928,0.147968,0.161857,0.2708333333333333,0.25,0.22916666666666666,0.20833333333333334,0.1875,0.16666666666666666,0.14583333333333334,0.125
3,0.5499999999999999,0.0,7.233618e-11,0.00018095135,0.002839055,0.9968887,9.1074864e-05,2.943766e-07,3834627.763109427,0.43023255813953487,0.43023255813953487,0.43023255813953487,0.43023255813953487,0.43023255813953487,0.43023255813953487,0.43023255813953487,0.27906976744186046,1.0473663698349804,1.2420986498917412,1.3518287784134293,1.469617038832953,1.6008945285928617,1.7499932390688593,1.775478121209559,1.971716131149135,0.22816973804549007,0.35512744049652445,0.32334978315864527,0.32197987275468476,0.34629663111161474,0.342146507747572,0.2736885511748765,0.29420452745982173,0.4137016626682574,0.2052677199432394,0.29026987147831196,0.2822117395804763,0.2687225102400913,0.2509012895240027,0.37451511785930025,0.20376199006042423,0.17231200000000002,0.43828100000000003,0.634861,0.973972,1.58725,2.219102,0.161857,0.14521,0.25,0.22916666666666666,0.20833333333333334,0.1875,0.16666666666666666,0.14583333333333334,0.125,0.10416666666666667
3,1.2000000000000002,0.0,3.6903938e-13,1.8565595e-06,0.0019213652,0.9974849,0.0005637238,2.8004235e-05,3838478.1766820853,0.43023255813953487,0.43023255813953487,0.43023255813953487,0.43023255813953487,0.43023255813953487,0.43023255813953487,0.27906976744186046,0.43023255813953487,1.2420986498917412,1.3518287784134293,1.469617038832953,1.6008945285928617,1.7499932390688593,1.775478121209559,1.971716131149135,1.9866747738833115,0.35512744049652445,0.32334978315864527,0.32197987275468476,0.34629663111161474,0.342146507747572,0.2736885511748765,0.29420452745982173,0.25295256772315844,0.2052677199432394,0.29026987147831196,0.2822117395804763,0.2687225102400913,0.2509012895240027,0.37451511785930025,0.20376199006042423,0.3850413572658232,0.167025,0.39898700000000004,0.630203,0.958994,1.4649210000000001,2.1249499999999997,0.14521,0.17231200000000002,0.22916666666666666,0.20833333333333334,0.1875,0.16666666666666666,0.14583333333333334,0.125,0.10416666666666667,0.08333333333333333
3,1.85,0.0,4.7036888e-14,5.163311e-07,0.0014285396,0.99792224,0.00060642505,4.2285235e-05,3841942.549500539,0.43023255813953487,0.43023255813953487,0.43023255813953487,0.43023255813953487,0.43023255813953487,0.27906976744186046,0.43023255813953487,0.43023255813953487,1.3518287784134293,1.469617038832953,1.6008945285928617,1.7499932390688593,1.775478121209559,1.971716131149135,1.9866747738833115,2.040237492037943,0.32334978315864527,0.32197987275468476,0.34629663111161474,0.342146507747572,0.2736885511748765,0.29420452745982173,0.25295256772315844,0.2768160501929014,0.29026987147831196,0.2822117395804763,0.2687225102400913,0.2509012895240027,0.37451511785930025,0.20376199006042423,0.3850413572658232,0.34643728184536904,0.16006399999999998,0.393804,0.6386609999999999,0.9820639999999999,1.483527,2.2465059999999997,0.17231200000000002,0.167025,0.20833333333333334,0.1875,0.16666666666666666,0.14583333333333334,0.125,0.10416666666666667,0.08333333333333333,0.0625
3,1.85,0.0,4.0572614e-14,3.806082e-07,0.0016057455,0.9968528,0.0012847912,0.00025623047,3845472.748122499,0.43023255813953487,0.43023255813953487,0.43023255813953487,0.43023255813953487,0.27906976744186046,0.43023255813953487,0.43023255813953487,0.43023255813953487,1.469617038832953,1.6008945285928617,1.7499932390688593,1.775478121209559,1.971716131149135,1.9866747738833115,2.040237492037943,2.08721762984197,0.32197987275468476,0.34629663111161474,0.342146507747572,0.2736885511748765,0.29420452745982173,0.25295256772315844,0.2768160501929014,0.27818944630793135,0.2822117395804763,0.2687225102400913,0.2509012895240027,0.37451511785930025,0.20376199006042423,0.3850413572658232,0.34643728184536904,0.35301986219597314,0.13750700000000002,0.331053,0.538612,0.83073,1.2314559999999999,1.96114,0.167025,0.16006399999999998,0.1875,0.16666666666666666,0.14583333333333334,0.125,0.10416666666666667,0.08333333333333333,0.0625,0.041666666666666664
3,1.85,0.0,1.1776069e-15,3.9531965e-08,0.0009212749,0.9971789,0.0013905516,0.0005091957,3848137.6510223546,0.43023255813953487,0.43023255813953487,0.43023255813953487,0.27906976744186046,0.43023255813953487,0.43023255813953487,0.43023255813953487,0.43023255813953487,1.6008945285928617,1.7499932390688593,1.775478121209559,1.971716131149135,1.9866747738833115,2.040237492037943,2.08721762984197,2.2207273398563965,0.34629663111161474,0.342146507747572,0.2736885511748765,0.29420452745982173,0.25295256772315844,0.2768160501929014,0.27818944630793135,0.31172993209057404,0.2687225102400913,0.2509012895240027,0.37451511785930025,0.20376199006042423,0.3850413572658232,0.34643728184536904,0.35301986219597314,0.26649028998557284,0.11842100000000001,0.314107,0.5509059999999999,0.84637,1.364537,2.155012,0.16006399999999998,0.13750700000000002,0.16666666666666666,0.14583333333333334,0.125,0.10416666666666667,0.08333333333333333,0.0625,0.041666666666666664,0.020833333333333332
3,1.85,0.0,3.0025863e-19,1.8528566e-10,0.00026823682,0.9950305,0.001878656,0.0028225644,3850175.3276179987,0.43023255813953487,0.43023255813953487,0.27906976744186046,0.43023255813953487,0.43023255813953487,0.43023255813953487,0.43023255813953487,0.43023255813953487,1.7499932390688593,1.775478121209559,1.971716131149135,1.9866747738833115,2.040237492037943,2.08721762984197,2.2207273398563965,2.416959680291986,0.342146507747572,0.2736885511748765,0.29420452745982173,0.25295256772315844,0.2768160501929014,0.27818944630793135,0.31172993209057404,0.4153603186144777,0.2509012895240027,0.37451511785930025,0.20376199006042423,0.3850413572658232,0.34643728184536904,0.35301986219597314,0.26649028998557284,0.2037676595644106,0.181801,0.450283,0.6682859999999999,1.034108,1.7288789999999998,2.354772,0.13750700000000002,0.11842100000000001,0.14583333333333334,0.125,0.10416666666666667,0.08333333333333333,0.0625,0.041666666666666664,0.020833333333333332,0.0
