1,-3.4830839406207827,0.9844381257257635,5.6863187e-06,0.9957503,0.0003651422,0.0038782854,5.586126e-07,4.984978e-14,10325531.415176935,0.0,0.0,0.0,0.0,0.0,0.0,0.0,0.1744186046511628,0.0,0.0,0.0,0.0,0.0,0.0,0.0,0.4,0.0,0.0,0.0,0.0,0.0,0.0,0.0,0.4574010171213504,0.0,0.0,0.0,0.0,0.0,0.0,0.0,0.09844381257257635,0.15558000000000002,0.398865,0.6110869999999999,0.9576849999999999,1.4318089999999999,2.123065,0.0,0.0,0.0,0.0,0.0,0.0,0.0,0.0,0.0,0.9791666666666666
1,0.75,0.0,1.0036702e-07,0.62164474,0.007525568,0.37078777,4.1898995e-05,8.473592e-11,10326412.575143041,0.0,0.0,0.0,0.0,0.0,0.0,0.1744186046511628,0.1744186046511628,0.0,0.0,0.0,0.0,0.0,0.0,0.4,0.7118840033895113,0.0,0.0,0.0,0.0,0.0,0.0,0.4574010171213504,0.4526590123733812,0.0,0.0,0.0,0.0,0.0,0.0,0.09844381257257635,0.08811599661048866,0.139857,0.350812,0.5710510000000001,0.877771,1.300868,2.177073,0.0,0.15558000000000002,0.0,0.0,0.0,0.0,0.0,0.0,0.9791666666666666,0.9583333333333334
3,0.75,0.0,3.1351568e-09,0.05964706,0.0073996983,0.9328804,7.285025e-05,1.0064733e-09,10327197.215886222,0.0,0.0,0.0,0.0,0.0,0.1744186046511628,0.1744186046511628,0.1744186046511628,0.0,0.0,0.0,0.0,0.0,0.4,0.7118840033895113,1.0334199290713366,0.0,0.0,0.0,0.0,0.0,0.4574010171213504,0.4526590123733812,0.44709888321302876,0.0,0.0,0.0,0.0,0.0,0.09844381257257635,0.08811599661048866,0.0784640743181747,0.155432,0.382355,0.617681,0.933276,1.520281,2.160877,0.15558000000000002,0.139857,0.0,0.0,0.0,0.0,0.0,0.9791666666666666,0.9583333333333334,0.9375
3,0.75,0.0,5.496218e-16,1.3087131e-07,0.00096374314,0.99843067,0.0005993955,6.099801e-06,10329151.793421295,0.0,0.0,0.0,0.0,0.1744186046511628,0.1744186046511628,0.1744186046511628,0.43023255813953487,0.0,0.0,0.0,0.0,0.4,0.7118840033895113,1.0334199290713366,1.237962175564134,0.0,0.0,0.0,0.0,0.4574010171213504,0.4526590123733812,0.44709888321302876,0.4774822094563817,0.0,0.0,0.0,0.0,0.09844381257257635,0.08811599661048866,0.0784640743181747,0.19545775350720274,0.163442,0.41156099999999995,0.6528740000000001,0.996749,1.472558,2.233056,0.139857,0.155432,0.0,0.0,0.0,0.0,0.9791666666666666,0.9583333333333334,0.9375,0.9166666666666666
3,1.85,0.0,1.6573854e-16,2.7295563e-08,0.00091009605,0.9971967,0.0017416007,0.00015157046,10331233.86278074,0.0,0.0,0.0,0.1744186046511628,0.1744186046511628,0.1744186046511628,0.43023255813953487,0.43023255813953487,0.0,0.0,0.0,0.4,0.7118840033895113,1.0334199290713366,1.237962175564134,1.4297552396196216,0.0,0.0,0.0,0.4574010171213504,0.4526590123733812,0.44709888321302876,0.4774822094563817,0.4787299690465814,0.0,0.0,0.0,0.09844381257257635,0.08811599661048866,0.0784640743181747,0.19545775350720274,0.20820693594451245,0.126289,0.318564,0.5203150000000001,0.801058,1.22426,1.941625,0.155432,0.163442,0.0,0.0,0.0,0.9791666666666666,0.9583333333333334,0.9375,0.9166666666666666,0.8958333333333334
3,1.85,0.0,3.3970964e-17,5.9629333e-09,0.000611552,0.9977164,0.0014140792,0.00025799297,10332922.867331473,0.0,0.0,0.1744186046511628,0.1744186046511628,0.1744186046511628,0.43023255813953487,0.43023255813953487,0.43023255813953487,0.0,0.0,0.4,0.7118840033895113,1.0334199290713366,1.237962175564134,1.4297552396196216,1.660854784546339,0.0,0.0,0.4574010171213504,0.4526590123733812,0.44709888321302876,0.4774822094563817,0.4787299690465814,0.47427817743441675,0.0,0.0,0.09844381257257635,0.08811599661048866,0.0784640743181747,0.19545775350720274,0.20820693594451245,0.1689004550732825,0.153295,0.352642,0.561791,0.905515,1.388403,2.1575349999999998,0.163442,0.126289,0.0,0.0,0.9791666666666666,0.9583333333333334,0.9375,0.9166666666666666,0.8958333333333334,0.875
3,1.85,0.0,1.5334119e-18,6.3374905e-10,0.00033912022,0.9980325,0.0011863447,0.00044205156,10334821.68414094,0.0,0.1744186046511628,0.1744186046511628,0.1744186046511628,0.43023255813953487,0.43023255813953487,0.43023255813953487,0.43023255813953487,0.0,0.4,0.7118840033895113,1.0334199290713366,1.237962175564134,1.4297552396196216,1.660854784546339,1.8709731035997865,0.0,0.4574010171213504,0.4526590123733812,0.44709888321302876,0.4774822094563817,0.4787299690465814,0.47427817743441675,0.476883812849162,0.0,0.09844381257257635,0.08811599661048866,0.0784640743181747,0.19545775350720274,0.20820693594451245,0.1689004550732825,0.18988168094655242,0.17384899999999998,0.437162,0.709534,1.0604870000000002,1.638769,2.290172,0.126289,0.153295,0.0,0.9791666666666666,0.9583333333333334,0.9375,0.9166666666666666,0.8958333333333334,0.875,0.8541666666666666
3,1.85,0.0,3.546246e-20,2.8998899e-11,0.00022369403,0.9775882,0.004072719,0.018115245,10337031.777603576,0.1744186046511628,0.1744186046511628,0.1744186046511628,0.43023255813953487,0.43023255813953487,0.43023255813953487,0.43023255813953487,0.43023255813953487,0.4,0.7118840033895113,1.0334199290713366,1.237962175564134,1.4297552396196216,1.660854784546339,1.8709731035997865,2.049963757336095,0.4574010171213504,0.4526590123733812,0.44709888321302876,0.4774822094563817,0.4787299690465814,0.47427817743441675,0.476883812849162,0.4798380783112712,0.09844381257257635,0.08811599661048866,0.0784640743181747,0.19545775350720274,0.20820693594451245,0.1689004550732825,0.18988168094655242,0.22100934626369137,0.15071,0.374758,0.584846,0.852833,1.348011,2.055469,0.153295,0.17384899999999998,0.9791666666666666,0.9583333333333334,0.9375,0.9166666666666666,0.8958333333333334,0.875,0.8541666666666666,0.8333333333333334
3,1.85,0.0,1.1431575e-20,1.2288277e-11,0.00017571881,0.9684128,0.003892981,0.02751843,10338824.777383886,0.1744186046511628,0.1744186046511628,0.43023255813953487,0.43023255813953487,0.43023255813953487,0.43023255813953487,0.43023255813953487,0.43023255813953487,0.7118840033895113,1.0334199290713366,1.237962175564134,1.4297552396196216,1.660854784546339,1.8709731035997865,2.049963757336095,2.2706637793051505,0.4526590123733812,0.44709888321302876,0.4774822094563817,0.4787299690465814,0.47427817743441675,0.476883812849162,0.4798380783112712,0.47564590323196326,0.08811599661048866,0.0784640743181747,0.19545775350720274,0.20820693594451245,0.1689004550732825,0.18988168094655242,0.22100934626369137,0.179299978030945,0.13910499999999998,0.36279500000000003,0.560821,0.913888,1.4297650000000002,2.169201,0.17384899999999998,0.15071,0.9583333333333334,0.9375,0.9166666666666666,0.8958333333333334,0.875,0.8541666666666666,0.8333333333333334,0.8125
3,1.85,0.0,1.6198833e-21,3.4162126e-12,0.00012880703,0.92652273,0.004771819,0.068576746,10340740.412195424,0.1744186046511628,0.43023255813953487,0.43023255813953487,0.43023255813953487,0.43023255813953487,0.43023255813953487,0.43023255813953487,0.43023255813953487,1.0334199290713366,1.237962175564134,1.4297552396196216,1.660854784546339,1.8709731035997865,2.049963757336095,2.2706637793051505,2.479100298151461,0.44709888321302876,0.4774822094563817,0.4787299690465814,0.47427817743441675,0.476883812849162,0.4798380783112712,0.47564590323196326,0.47706796436153603,0.0784640743181747,0.19545775350720274,0.20820693594451245,0.1689004550732825,0.18988168094655242,0.22100934626369137,0.179299978030945,0.19156348115368924,0.14184,0.35322000000000003,0.60741,0.939819,1.354548,2.1735219999999997,0.15071,0.13910499999999998,0.9375,0.9166666666666666,0.8958333333333334,0.875,0.8541666666666666,0.8333333333333334,0.8125,0.7916666666666666
3,1.85,0.0,1.566058e-22,6.76745e-13,8.393044e-05,0.8271138,0.0053865425,0.16741581,10342708.13199582,0.43023255813953487,0.43023255813953487,0.43023255813953487,0.43023255813953487,0.43023255813953487,0.43023255813953487,0.43023255813953487,0.43023255813953487,1.237962175564134,1.4297552396196216,1.660854784546339,1.8709731035997865,2.049963757336095,2.2706637793051505,2.479100298151461,2.682328318111917,0.4774822094563817,0.4787299690465814,0.47427817743441675,0.476883812849162,0.4798380783112712,0.47564590323196326,0.47706796436153603,0.477618307144711,0.19545775350720274,0.20820693594451245,0.1689004550732825,0.18988168094655242,0.22100934626369137,0.179299978030945,0.19156348115368924,0.19677198003954427,0.156148,0.405134,0.594078,0.917428,1.519951,2.1024520000000004,0.13910499999999998,0.14184,0.9166666666666666,0.8958333333333334,0.875,0.8541666666666666,0.8333333333333334,0.8125,0.7916666666666666,0.7708333333333334
3,1.85,0.0,1.4948253e-23,1.4069788e-13,5.0317667e-05,0.6809462,0.0052823117,0.31372118,10344630.877248934,0.43023255813953487,0.43023255813953487,0.43023255813953487,0.43023255813953487,0.43023255813953487,0.43023255813953487,0.43023255813953487,0.43023255813953487,1.4297552396196216,1.660854784546339,1.8709731035997865,2.049963757336095,2.2706637793051505,2.479100298151461,2.682328318111917,2.890053792800427,0.4787299690465814,0.47427817743441675,0.476883812849162,0.4798380783112712,0.47564590323196326,0.47706796436153603,0.477618307144711,0.4771448523998394,0.20820693594451245,0.1689004550732825,0.18988168094655242,0.22100934626369137,0.179299978030945,0.19156348115368924,0.19677198003954427,0.19227452531148984,0.160746,0.386351,0.624282,0.946851,1.422919,2.2094630000000004,0.14184,0.156148,0.8958333333333334,0.875,0.8541666666666666,0.8333333333333334,0.8125,0.7916666666666666,0.7708333333333334,0.75
5,1.85,0.0,1.1624625e-24,2.735066e-14,2.9302058e-05,0.57998776,0.0045345714,0.41544837,10346612.721519718,0.43023255813953487,0.43023255813953487,0.43023255813953487,0.43023255813953487,0.43023255813953487,0.43023255813953487,0.43023255813953487,0.43023255813953487,1.660854784546339,1.8709731035997865,2.049963757336095,2.2706637793051505,2.479100298151461,2.682328318111917,2.890053792800427,3.0918693657219976,0.47427817743441675,0.476883812849162,0.4798380783112712,0.47564590323196326,0.47706796436153603,0.477618307144711,0.4771448523998394,0.47776256386950783,0.1689004550732825,0.18988168094655242,0.22100934626369137,0.179299978030945,0.19156348115368924,0.19677198003954427,0.19227452531148984,0.19818442707842954,0.179801,0.434409,0.687371,1.036454,1.578343,2.275376,0.156148,0.160746,0.875,0.8541666666666666,0.8333333333333334,0.8125,0.7916666666666666,0.7708333333333334,0.75,0.7291666666666666
5,1.8499999999999996,0.0,9.837394e-37,8.2551025e-25,3.6406256e-10,3.285441e-05,3.8990875e-05,0.9999281,10351263.040196553,0.43023255813953487,0.43023255813953487,0.43023255813953487,0.43023255813953487,0.43023255813953487,0.43023255813953487,0.43023255813953487,1.0,1.8709731035997865,2.049963757336095,2.2706637793051505,2.479100298151461,2.682328318111917,2.890053792800427,3.0918693657219976,3.0268374980384776,0.476883812849162,0.4798380783112712,0.47564590323196326,0.47706796436153603,0.477618307144711,0.4771448523998394,0.47776256386950783,0.4892946393834066,0.18988168094655242,0.22100934626369137,0.179299978030945,0.19156348115368924,0.19677198003954427,0.19227452531148984,0.19818442707842954,0.46503186768352006,0.14005099999999998,0.33705900000000005,0.52695,0.821631,1.231445,2.0053989999999997,0.160746,0.179801,0.8541666666666666,0.8333333333333334,0.8125,0.7916666666666666,0.7708333333333334,0.75,0.7291666666666666,0.7083333333333334
5,4.3,0.0,5.345852e-37,5.1372836e-25,3.8044462e-10,4.1319516e-05,3.728481e-05,0.99992144,10355371.0832559,0.43023255813953487,0.43023255813953487,0.43023255813953487,0.43023255813953487,0.43023255813953487,0.43023255813953487,1.0,1.0,2.049963757336095,2.2706637793051505,2.479100298151461,2.682328318111917,2.890053792800427,3.0918693657219976,3.0268374980384776,3.016033192103694,0.4798380783112712,0.47564590323196326,0.47706796436153603,0.477618307144711,0.4771448523998394,0.47776256386950783,0.4892946393834066,0.48816406523216044,0.22100934626369137,0.179299978030945,0.19156348115368924,0.19677198003954427,0.19227452531148984,0.19818442707842954,0.46503186768352006,0.41080430593478334,0.138313,0.366214,0.587876,0.9231699999999999,1.471065,2.152483,0.179801,0.14005099999999998,0.8333333333333334,0.8125,0.7916666666666666,0.7708333333333334,0.75,0.7291666666666666,0.7083333333333334,0.6875
5,4.3,0.0,1.6145328e-36,1.0721337e-24,6.1154315e-10,6.360272e-05,4.4317418e-05,0.9998921,10359774.559137017,0.43023255813953487,0.43023255813953487,0.43023255813953487,0.43023255813953487,0.43023255813953487,1.0,1.0,1.0,2.2706637793051505,2.479100298151461,2.682328318111917,2.890053792800427,3.0918693657219976,3.0268374980384776,3.016033192103694,2.9756856039920914,0.47564590323196326,0.47706796436153603,0.477618307144711,0.4771448523998394,0.47776256386950783,0.4892946393834066,0.48816406523216044,0.4888145315455819,0.179299978030945,0.19156348115368924,0.19677198003954427,0.19227452531148984,0.19818442707842954,0.46503186768352006,0.41080430593478334,0.44034758811160285,0.143509,0.360831,0.617242,0.966699,1.491626,2.2896889999999996,0.14005099999999998,0.138313,0.8125,0.7916666666666666,0.7708333333333334,0.75,0.7291666666666666,0.7083333333333334,0.6875,0.6666666666666666
5,4.3,0.0,1.7615433e-36,8.608413e-25,4.693883e-10,4.149544e-05,4.1693143e-05,0.9999168,10364453.62689586,0.43023255813953487,0.43023255813953487,0.43023255813953487,0.43023255813953487,1.0,1.0,1.0,1.0,2.479100298151461,2.682328318111917,2.890053792800427,3.0918693657219976,3.0268374980384776,3.016033192103694,2.9756856039920914,2.907778828107837,0.47706796436153603,0.477618307144711,0.4771448523998394,0.47776256386950783,0.4892946393834066,0.48816406523216044,0.4888145315455819,0.48934726274756873,0.19156348115368924,0.19677198003954427,0.19227452531148984,0.19818442707842954,0.46503186768352006,0.41080430593478334,0.44034758811160285,0.46790677588425444,0.15061600000000003,0.37296300000000004,0.581493,0.885714,1.358801,2.0595120000000002,0.138313,0.143509,0.7916666666666666,0.7708333333333334,0.75,0.7291666666666666,0.7083333333333334,0.6875,0.6666666666666666,0.6458333333333334
5,4.3,0.0,8.9638935e-36,2.6218966e-24,9.751412e-10,8.329749e-05,5.3066e-05,0.9998636,10368670.361289985,0.43023255813953487,0.43023255813953487,0.43023255813953487,1.0,1.0,1.0,1.0,1.0,2.682328318111917,2.890053792800427,3.0918693657219976,3.0268374980384776,3.016033192103694,2.9756856039920914,2.907778828107837,2.8861053886953525,0.477618307144711,0.4771448523998394,0.47776256386950783,0.4892946393834066,0.48816406523216044,0.4888145315455819,0.48934726274756873,0.4884139733509198,0.19677198003954427,0.19227452531148984,0.19818442707842954,0.46503186768352006,0.41080430593478334,0.44034758811160285,0.46790677588425444,0.4216734394124847,0.16538399999999998,0.405596,0.639204,0.9877079999999999,1.537156,2.220726,0.143509,0.15061600000000003,0.7708333333333334,0.75,0.7291666666666666,0.7083333333333334,0.6875,0.6666666666666666,0.6458333333333334,0.625
5,4.3,0.0,2.4084944e-35,4.640112e-24,1.1030697e-09,7.681177e-05,5.775959e-05,0.9998654,10373210.91001421,0.43023255813953487,0.43023255813953487,1.0,1.0,1.0,1.0,1.0,1.0,2.890053792800427,3.0918693657219976,3.0268374980384776,3.016033192103694,2.9756856039920914,2.907778828107837,2.8861053886953525,2.832050516272793,0.4771448523998394,0.47776256386950783,0.4892946393834066,0.48816406523216044,0.4888145315455819,0.48934726274756873,0.4884139733509198,0.4890875827742062,0.19227452531148984,0.19818442707842954,0.46503186768352006,0.41080430593478334,0.44034758811160285,0.46790677588425444,0.4216734394124847,0.454054872422559,0.140881,0.350713,0.5868390000000001,0.923755,1.33605,2.156729,0.15061600000000003,0.16538399999999998,0.75,0.7291666666666666,0.7083333333333334,0.6875,0.6666666666666666,0.6458333333333334,0.625,0.6041666666666666
5,4.3,0.0,2.3382312e-35,3.9047096e-24,1.0195879e-09,6.836569e-05,5.5960452e-05,0.99987566,10377622.91440802,0.43023255813953487,1.0,1.0,1.0,1.0,1.0,1.0,1.0,3.0918693657219976,3.0268374980384776,3.016033192103694,2.9756856039920914,2.907778828107837,2.8861053886953525,2.832050516272793,2.790850076891693,0.47776256386950783,0.4892946393834066,0.48816406523216044,0.4888145315455819,0.48934726274756873,0.4884139733509198,0.4890875827742062,0.48883201544979865,0.19818442707842954,0.46503186768352006,0.41080430593478334,0.44034758811160285,0.46790677588425444,0.4216734394124847,0.454054872422559,0.4412004393811004,0.157671,0.386472,0.6017380000000001,0.8916040000000001,1.415116,2.039773,0.16538399999999998,0.140881,0.7291666666666666,0.7083333333333334,0.6875,0.6666666666666666,0.6458333333333334,0.625,0.6041666666666666,0.5833333333333334
5,4.3,0.0,5.7164985e-35,6.490614e-24,1.4866226e-09,9.76148e-05,6.2212224e-05,0.99984014,10381800.001060251,1.0,1.0,1.0,1.0,1.0,1.0,1.0,1.0,3.0268374980384776,3.016033192103694,2.9756856039920914,2.907778828107837,2.8861053886953525,2.832050516272793,2.790850076891693,2.773141411668707,0.4892946393834066,0.48816406523216044,0.4888145315455819,0.48934726274756873,0.4884139733509198,0.4890875827742062,0.48883201544979865,0.48832432023192673,0.46503186768352006,0.41080430593478334,0.44034758811160285,0.46790677588425444,0.4216734394124847,0.454054872422559,0.4412004393811004,0.4177086652229859,0.157812,0.399894,0.616206,0.9552309999999999,1.468126,2.176469,0.140881,0.157671,0.7083333333333334,0.6875,0.6666666666666666,0.6458333333333334,0.625,0.6041666666666666,0.5833333333333334,0.5625
5,4.3,0.0,8.0828254e-35,9.361212e-24,1.822774e-09,0.00012034465,6.713409e-05,0.99981254,10386251.655204557,1.0,1.0,1.0,1.0,1.0,1.0,1.0,1.0,3.016033192103694,2.9756856039920914,2.907778828107837,2.8861053886953525,2.832050516272793,2.790850076891693,2.773141411668707,2.7279759972381763,0.48816406523216044,0.4888145315455819,0.48934726274756873,0.4884139733509198,0.4890875827742062,0.48883201544979865,0.48832432023192673,0.4889124198438026,0.41080430593478334,0.44034758811160285,0.46790677588425444,0.4216734394124847,0.454054872422559,0.4412004393811004,0.4177086652229859,0.4451654144305307,0.163927,0.401853,0.656471,0.9680259999999999,1.50576,2.2215059999999998,0.157671,0.157812,0.6875,0.6666666666666666,0.6458333333333334,0.625,0.6041666666666666,0.5833333333333334,0.5625,0.5416666666666666
5,4.3,0.0,8.5996676e-35,8.006313e-24,1.3919786e-09,7.7212004e-05,6.3534666e-05,0.9998592,10390793.77063625,1.0,1.0,1.0,1.0,1.0,1.0,1.0,1.0,2.9756856039920914,2.907778828107837,2.8861053886953525,2.832050516272793,2.790850076891693,2.773141411668707,2.7279759972381763,2.673764454068983,0.4888145315455819,0.48934726274756873,0.4884139733509198,0.4890875827742062,0.48883201544979865,0.48832432023192673,0.4889124198438026,0.4890906084199829,0.44034758811160285,0.46790677588425444,0.4216734394124847,0.454054872422559,0.4412004393811004,0.4177086652229859,0.4451654144305307,0.4542115431691931,0.137654,0.3438,0.536667,0.8741749999999999,1.32399,2.044075,0.157812,0.163927,0.6666666666666666,0.6458333333333334,0.625,0.6041666666666666,0.5833333333333334,0.5625,0.5416666666666666,0.5208333333333334
5,4.3,0.0,2.575749e-34,1.8210701e-23,2.29114e-09,0.00012460783,7.553408e-05,0.9997999,10394979.498282736,1.0,1.0,1.0,1.0,1.0,1.0,1.0,1.0,2.907778828107837,2.8861053886953525,2.832050516272793,2.790850076891693,2.773141411668707,2.7279759972381763,2.673764454068983,2.655191689420331,0.48934726274756873,0.4884139733509198,0.4890875827742062,0.48883201544979865,0.48832432023192673,0.4889124198438026,0.4890906084199829,0.4883440043491093,0.46790677588425444,0.4216734394124847,0.454054872422559,0.4412004393811004,0.4177086652229859,0.4451654144305307,0.4542115431691931,0.418572764648652,0.146754,0.35990300000000003,0.587236,0.897976,1.383735,2.18679,0.163927,0.137654,0.6458333333333334,0.625,0.6041666666666666,0.5833333333333334,0.5625,0.5416666666666666,0.5208333333333334,0.5
5,4.3,0.0,3.4298138e-34,2.3159918e-23,2.5250273e-09,0.0001322866,7.913157e-05,0.9997886,10399451.88318058,1.0,1.0,1.0,1.0,1.0,1.0,1.0,1.0,2.8861053886953525,2.832050516272793,2.790850076891693,2.773141411668707,2.7279759972381763,2.673764454068983,2.655191689420331,2.6079531996359413,0.4884139733509198,0.4890875827742062,0.48883201544979865,0.48832432023192673,0.4889124198438026,0.4890906084199829,0.4883440043491093,0.4889538914806362,0.4216734394124847,0.454054872422559,0.4412004393811004,0.4177086652229859,0.4451654144305307,0.4542115431691931,0.418572764648652,0.4472384897843894,0.153938,0.3797,0.590335,0.9059349999999999,1.480464,2.1052310000000003,0.137654,0.146754,0.625,0.6041666666666666,0.5833333333333334,0.5625,0.5416666666666666,0.5208333333333334,0.5,0.4791666666666667
5,4.3,0.0,9.712939e-34,5.697637e-23,4.8815387e-09,0.00027592733,9.72361e-05,0.99962676,10403760.448726824,1.0,1.0,1.0,1.0,1.0,1.0,1.0,1.0,2.832050516272793,2.790850076891693,2.773141411668707,2.7279759972381763,2.673764454068983,2.655191689420331,2.6079531996359413,2.577096645011456,0.4890875827742062,0.48883201544979865,0.48832432023192673,0.4889124198438026,0.4890906084199829,0.4883440043491093,0.4889538914806362,0.4886152891035437,0.454054872422559,0.4412004393811004,0.4177086652229859,0.4451654144305307,0.4542115431691931,0.418572764648652,0.4472384897843894,0.4308565546244861,0.181901,0.425781,0.696376,1.0765989999999999,1.547572,2.395588,0.146754,0.153938,0.6041666666666666,0.5833333333333334,0.5625,0.5416666666666666,0.5208333333333334,0.5,0.4791666666666667,0.4583333333333333
5,4.3,0.0,6.7149904e-34,3.1751147e-23,2.2794662e-09,9.212465e-05,8.1518345e-05,0.9998264,10408652.225144612,1.0,1.0,1.0,1.0,1.0,1.0,1.0,1.0,2.790850076891693,2.773141411668707,2.7279759972381763,2.673764454068983,2.655191689420331,2.6079531996359413,2.577096645011456,2.4879190032325895,0.48883201544979865,0.48832432023192673,0.4889124198438026,0.4890906084199829,0.4883440043491093,0.4889538914806362,0.4886152891035437,0.48971739413285215,0.4412004393811004,0.4177086652229859,0.4451654144305307,0.4542115431691931,0.418572764648652,0.4472384897843894,0.4308565546244861,0.4891776417788658,0.111155,0.277716,0.48716000000000004,0.758197,1.141971,1.972048,0.153938,0.181901,0.5833333333333334,0.5625,0.5416666666666666,0.5208333333333334,0.5,0.4791666666666667,0.4583333333333333,0.4375
5,4.3,0.0,2.9324356e-33,9.8250695e-23,5.1562963e-09,0.00022039375,0.00010523139,0.99967444,10412693.279408177,1.0,1.0,1.0,1.0,1.0,1.0,1.0,1.0,2.773141411668707,2.7279759972381763,2.673764454068983,2.655191689420331,2.6079531996359413,2.577096645011456,2.4879190032325895,2.4838135768760004,0.48832432023192673,0.4889124198438026,0.4890906084199829,0.4883440043491093,0.4889538914806362,0.4886152891035437,0.48971739413285215,0.48800334550811825,0.4177086652229859,0.4451654144305307,0.4542115431691931,0.418572764648652,0.4472384897843894,0.4308565546244861,0.4891776417788658,0.4041054263565892,0.153605,0.40039600000000003,0.622896,0.972798,1.49847,2.134614,0.181901,0.111155,0.5625,0.5416666666666666,0.5208333333333334,0.5,0.4791666666666667,0.4583333333333333,0.4375,0.4166666666666667
5,4.3,0.0,5.2724485e-33,1.5642416e-22,6.6811694e-09,0.00027908653,0.00011576991,0.9996051,10417060.86362812,1.0,1.0,1.0,1.0,1.0,1.0,1.0,1.0,2.7279759972381763,2.673764454068983,2.655191689420331,2.6079531996359413,2.577096645011456,2.4879190032325895,2.4838135768760004,2.447055154881838,0.4889124198438026,0.4890906084199829,0.4883440043491093,0.4889538914806362,0.4886152891035437,0.48971739413285215,0.48800334550811825,0.48874020339521473,0.4451654144305307,0.4542115431691931,0.418572764648652,0.4472384897843894,0.4308565546244861,0.4891776417788658,0.4041054263565892,0.4367584219941625,0.149029,0.400508,0.641447,0.975811,1.5612629999999998,2.1641399999999997,0.111155,0.153605,0.5416666666666666,0.5208333333333334,0.5,0.4791666666666667,0.4583333333333333,0.4375,0.4166666666666667,0.3958333333333333
5,4.3,0.0,4.9555525e-33,1.424376e-22,5.5610223e-09,0.0002117845,0.00011183101,0.99967635,10421487.75375146,1.0,1.0,1.0,1.0,1.0,1.0,1.0,1.0,2.673764454068983,2.655191689420331,2.6079531996359413,2.577096645011456,2.4879190032325895,2.4838135768760004,2.447055154881838,2.4043661425477825,0.4890906084199829,0.4883440043491093,0.4889538914806362,0.4886152891035437,0.48971739413285215,0.48800334550811825,0.48874020339521473,0.48886237058147936,0.4542115431691931,0.418572764648652,0.4472384897843894,0.4308565546244861,0.4891776417788658,0.4041054263565892,0.4367584219941625,0.4426890123340552,0.157421,0.35821800000000004,0.570392,0.873429,1.341201,2.1131930000000003,0.153605,0.149029,0.5208333333333334,0.5,0.4791666666666667,0.4583333333333333,0.4375,0.4166666666666667,0.3958333333333333,0.375
5,4.3,0.0,1.4178171e-32,3.0917021e-22,8.753905e-09,0.00032066237,0.00013087665,0.9995484,10425812.311765458,1.0,1.0,1.0,1.0,1.0,1.0,1.0,1.0,2.655191689420331,2.6079531996359413,2.577096645011456,2.4879190032325895,2.4838135768760004,2.447055154881838,2.4043661425477825,2.3719103411480402,0.4883440043491093,0.4889538914806362,0.4886152891035437,0.48971739413285215,0.48800334550811825,0.48874020339521473,0.48886237058147936,0.488649474272322,0.418572764648652,0.4472384897843894,0.4308565546244861,0.4891776417788658,0.4041054263565892,0.4367584219941625,0.4426890123340552,0.4324558013997427,0.157488,0.400322,0.620283,0.954453,1.497683,2.147852,0.149029,0.157421,0.5,0.4791666666666667,0.4583333333333333,0.4375,0.4166666666666667,0.3958333333333333,0.375,0.3541666666666667
5,4.3,0.0,1.8114394e-32,3.7140735e-22,9.08899e-09,0.00031585374,0.000135175,0.999549,10430206.485823143,1.0,1.0,1.0,1.0,1.0,1.0,1.0,1.0,2.6079531996359413,2.577096645011456,2.4879190032325895,2.4838135768760004,2.447055154881838,2.4043661425477825,2.3719103411480402,2.3324929353795936,0.4889538914806362,0.4886152891035437,0.48971739413285215,0.48800334550811825,0.48874020339521473,0.48886237058147936,0.488649474272322,0.4887953849356218,0.4472384897843894,0.4308565546244861,0.4891776417788658,0.4041054263565892,0.4367584219941625,0.4426890123340552,0.4324558013997427,0.43941740576844623,0.143881,0.369834,0.584349,0.885062,1.3580809999999999,2.191074,0.157421,0.157488,0.4791666666666667,0.4583333333333333,0.4375,0.4166666666666667,0.3958333333333333,0.375,0.3541666666666667,0.3333333333333333
5,4.3,0.0,4.2859006e-32,7.543234e-22,1.5056305e-08,0.000541724,0.0001581132,0.9993001,10434687.475560457,1.0,1.0,1.0,1.0,1.0,1.0,1.0,1.0,2.577096645011456,2.4879190032325895,2.4838135768760004,2.447055154881838,2.4043661425477825,2.3719103411480402,2.3324929353795936,2.284393961648307,0.4886152891035437,0.48971739413285215,0.48800334550811825,0.48874020339521473,0.48886237058147936,0.488649474272322,0.4887953849356218,0.48897099267045585,0.4308565546244861,0.4891776417788658,0.4041054263565892,0.4367584219941625,0.4426890123340552,0.4324558013997427,0.43941740576844623,0.44809897373128715,0.16344399999999998,0.412837,0.670129,1.035329,1.5872929999999998,2.286761,0.157488,0.143881,0.4583333333333333,0.4375,0.4166666666666667,0.3958333333333333,0.375,0.3541666666666667,0.3333333333333333,0.3125
5,4.3,0.0,8.0512447e-32,1.1606508e-21,1.8107395e-08,0.00060197787,0.00017121487,0.9992268,10439360.662140502,1.0,1.0,1.0,1.0,1.0,1.0,1.0,1.0,2.4879190032325895,2.4838135768760004,2.447055154881838,2.4043661425477825,2.3719103411480402,2.3324929353795936,2.284393961648307,2.2170753036437247,0.48971739413285215,0.48800334550811825,0.48874020339521473,0.48886237058147936,0.488649474272322,0.4887953849356218,0.48897099267045585,0.4893365503025941,0.4891776417788658,0.4041054263565892,0.4367584219941625,0.4426890123340552,0.4324558013997427,0.43941740576844623,0.44809897373128715,0.46731865800458217,0.17932800000000002,0.401088,0.690253,1.026056,1.492672,2.307787,0.143881,0.16344399999999998,0.4375,0.4166666666666667,0.3958333333333333,0.375,0.3541666666666667,0.3333333333333333,0.3125,0.2916666666666667
5,4.3,0.0,1.4242064e-31,1.5902077e-21,1.8161415e-08,0.00051021395,0.00017947126,0.99931026,10444076.081529763,1.0,1.0,1.0,1.0,1.0,1.0,1.0,1.0,2.4838135768760004,2.447055154881838,2.4043661425477825,2.3719103411480402,2.3324929353795936,2.284393961648307,2.2170753036437247,2.1455333647176973,0.48800334550811825,0.48874020339521473,0.48886237058147936,0.488649474272322,0.4887953849356218,0.48897099267045585,0.4893365503025941,0.4894128834555335,0.4041054263565892,0.4367584219941625,0.4426890123340552,0.4324558013997427,0.43941740576844623,0.44809897373128715,0.46731865800458217,0.4715419389260271,0.159914,0.365161,0.598727,0.9439420000000001,1.439896,2.143948,0.16344399999999998,0.17932800000000002,0.4166666666666667,0.3958333333333333,0.375,0.3541666666666667,0.3333333333333333,0.3125,0.2916666666666667,0.2708333333333333
5,4.3,0.0,2.007599e-31,1.5133201e-21,1.3511435e-08,0.00029383012,0.00017283863,0.9995333,10448462.414015718,1.0,1.0,1.0,1.0,1.0,1.0,1.0,1.0,2.447055154881838,2.4043661425477825,2.3719103411480402,2.3324929353795936,2.284393961648307,2.2170753036437247,2.1455333647176973,2.106900116122148,0.48874020339521473,0.48886237058147936,0.488649474272322,0.4887953849356218,0.48897099267045585,0.4893365503025941,0.4894128834555335,0.4887791809819844,0.4367584219941625,0.4426890123340552,0.4324558013997427,0.43941740576844623,0.44809897373128715,0.46731865800458217,0.4715419389260271,0.43863324859554975,0.13161,0.321064,0.487812,0.728962,1.1392909999999998,1.919781,0.17932800000000002,0.159914,0.3958333333333333,0.375,0.3541666666666667,0.3333333333333333,0.3125,0.2916666666666667,0.2708333333333333,0.25
5,4.3,0.0,8.458428e-31,4.8808426e-21,3.132226e-08,0.0007384994,0.00022466839,0.9990368,10452398.484818844,1.0,1.0,1.0,1.0,1.0,1.0,1.0,1.0,2.4043661425477825,2.3719103411480402,2.3324929353795936,2.284393961648307,2.2170753036437247,2.1455333647176973,2.106900116122148,2.1132930358095594,0.48886237058147936,0.488649474272322,0.4887953849356218,0.48897099267045585,0.4893365503025941,0.4894128834555335,0.4887791809819844,0.4877404640372273,0.4426890123340552,0.4324558013997427,0.43941740576844623,0.44809897373128715,0.46731865800458217,0.4715419389260271,0.43863324859554975,0.3936070803125883,0.124011,0.361565,0.575591,0.938587,1.499009,2.1474670000000002,0.159914,0.13161,0.375,0.3541666666666667,0.3333333333333333,0.3125,0.2916666666666667,0.2708333333333333,0.25,0.22916666666666666
5,4.3,0.0,8.459838e-31,5.1805445e-21,3.071019e-08,0.00070826197,0.00022539697,0.9990663,10456791.885565791,1.0,1.0,1.0,1.0,1.0,1.0,1.0,1.0,2.3719103411480402,2.3324929353795936,2.284393961648307,2.2170753036437247,2.1455333647176973,2.106900116122148,2.1132930358095594,2.073952961114773,0.488649474272322,0.4887953849356218,0.48897099267045585,0.4893365503025941,0.4894128834555335,0.4887791809819844,0.4877404640372273,0.4887937895244048,0.4324558013997427,0.43941740576844623,0.44809897373128715,0.46731865800458217,0.4715419389260271,0.43863324859554975,0.3936070803125883,0.43934007469478703,0.144254,0.378327,0.605884,0.908665,1.427478,2.13387,0.13161,0.124011,0.3541666666666667,0.3333333333333333,0.3125,0.2916666666666667,0.2708333333333333,0.25,0.22916666666666666,0.20833333333333334
5,4.3,0.0,1.2310684e-30,6.752298e-21,3.4640273e-08,0.00076611474,0.00023610229,0.99899775,10461157.975387841,1.0,1.0,1.0,1.0,1.0,1.0,1.0,1.0,2.3324929353795936,2.284393961648307,2.2170753036437247,2.1455333647176973,2.106900116122148,2.1132930358095594,2.073952961114773,2.0373439789097074,0.4887953849356218,0.48897099267045585,0.4893365503025941,0.4894128834555335,0.4887791809819844,0.4877404640372273,0.4887937895244048,0.48873708214224715,0.43941740576844623,0.44809897373128715,0.46731865800458217,0.4715419389260271,0.43863324859554975,0.3936070803125883,0.43934007469478703,0.4366089822050654,0.149991,0.39068,0.587506,0.930577,1.402287,2.14612,0.124011,0.144254,0.3333333333333333,0.3125,0.2916666666666667,0.2708333333333333,0.25,0.22916666666666666,0.20833333333333334,0.1875
5,4.3,0.0,2.0085593e-30,9.113902e-21,3.7638788e-08,0.000758663,0.00024847043,0.99899286,10465548.67055151,1.0,1.0,1.0,1.0,1.0,1.0,1.0,1.0,2.284393961648307,2.2170753036437247,2.1455333647176973,2.106900116122148,2.1132930358095594,2.073952961114773,2.0373439789097074,1.998274462542761,0.48897099267045585,0.4893365503025941,0.4894128834555335,0.4887791809819844,0.4877404640372273,0.4887937895244048,0.48873708214224715,0.4887882032344079,0.44809897373128715,0.46731865800458217,0.4715419389260271,0.43863324859554975,0.3936070803125883,0.43934007469478703,0.4366089822050654,0.439069516366946,0.147968,0.34551600000000005,0.566904,0.85845,1.3395,2.108491,0.144254,0.149991,0.3125,0.2916666666666667,0.2708333333333333,0.25,0.22916666666666666,0.20833333333333334,0.1875,0.16666666666666666
5,4.3,0.0,3.847452e-30,1.5680386e-20,5.6355685e-08,0.0011833615,0.0002813412,0.9985353,10469863.784131525,1.0,1.0,1.0,1.0,1.0,1.0,1.0,1.0,2.2170753036437247,2.1455333647176973,2.106900116122148,2.1132930358095594,2.073952961114773,2.0373439789097074,1.998274462542761,1.9667631045413174,0.4893365503025941,0.4894128834555335,0.4887791809819844,0.4877404640372273,0.4887937895244048,0.48873708214224715,0.4887882032344079,0.48862931668022186,0.46731865800458217,0.4715419389260271,0.43863324859554975,0.3936070803125883,0.43934007469478703,0.4366089822050654,0.439069516366946,0.4315113580014437,0.161857,0.384505,0.641452,1.0250050000000002,1.527299,2.184571,0.149991,0.147968,0.2916666666666667,0.2708333333333333,0.25,0.22916666666666666,0.20833333333333334,0.1875,0.16666666666666666,0.14583333333333334
5,4.3,0.0,5.094992e-30,1.7854792e-20,5.2437848e-08,0.0009733708,0.00028429655,0.9987423,10474331.711947488,1.0,1.0,1.0,1.0,1.0,1.0,1.0,1.0,2.1455333647176973,2.106900116122148,2.1132930358095594,2.073952961114773,2.0373439789097074,1.998274462542761,1.9667631045413174,1.9199703229451086,0.4894128834555335,0.4887791809819844,0.4877404640372273,0.4887937895244048,0.48873708214224715,0.4887882032344079,0.48862931668022186,0.4889450076152567,0.4715419389260271,0.43863324859554975,0.3936070803125883,0.43934007469478703,0.4366089822050654,0.439069516366946,0.4315113580014437,0.44679278159620867,0.14521,0.372093,0.5994769999999999,0.886255,1.343002,2.121928,0.147968,0.161857,0.2708333333333333,0.25,0.22916666666666666,0.20833333333333334,0.1875,0.16666666666666666,0.14583333333333334,0.125
5,4.3,0.0,1.3862314e-29,4.088922e-20,9.0409785e-08,0.0017174215,0.00033959333,0.99794286,10478673.81507651,1.0,1.0,1.0,1.0,1.0,1.0,1.0,1.0,2.106900116122148,2.1132930358095594,2.073952961114773,2.0373439789097074,1.998274462542761,1.9667631045413174,1.9199703229451086,1.8857600100429965,0.4887791809819844,0.4877404640372273,0.4887937895244048,0.48873708214224715,0.4887882032344079,0.48862931668022186,0.4889450076152567,0.48868668867345977,0.43863324859554975,0.3936070803125883,0.43934007469478703,0.4366089822050654,0.439069516366946,0.4315113580014437,0.44679278159620867,0.43421031290211215,0.17231200000000002,0.43828100000000003,0.634861,0.973972,1.58725,2.219102,0.161857,0.14521,0.25,0.22916666666666666,0.20833333333333334,0.1875,0.16666666666666666,0.14583333333333334,0.125,0.10416666666666667
5,4.3,0.0,1.9287632e-29,4.9108272e-20,8.863762e-08,0.0015052339,0.0003479219,0.9981468,10483211.101835446,1.0,1.0,1.0,1.0,1.0,1.0,1.0,1.0,2.1132930358095594,2.073952961114773,2.0373439789097074,1.998274462542761,1.9667631045413174,1.9199703229451086,1.8857600100429965,1.8320313341493268,0.4877404640372273,0.4887937895244048,0.48873708214224715,0.4887882032344079,0.48862931668022186,0.4889450076152567,0.48868668867345977,0.4890812765204291,0.3936070803125883,0.43934007469478703,0.4366089822050654,0.439069516366946,0.4315113580014437,0.44679278159620867,0.43421031290211215,0.45372867589366966,0.167025,0.39898700000000004,0.630203,0.958994,1.4649210000000001,2.1249499999999997,0.14521,0.17231200000000002,0.22916666666666666,0.20833333333333334,0.1875,0.16666666666666666,0.14583333333333334,0.125,0.10416666666666667,0.08333333333333333
5,4.3,0.0,4.2337005e-29,8.6963456e-20,1.2605778e-07,0.0020962933,0.00039268011,0.9975109,10487559.2749516,1.0,1.0,1.0,1.0,1.0,1.0,1.0,1.0,2.073952961114773,2.0373439789097074,1.998274462542761,1.9667631045413174,1.9199703229451086,1.8857600100429965,1.8320313341493268,1.7972140225339737,0.4887937895244048,0.48873708214224715,0.4887882032344079,0.48862931668022186,0.4889450076152567,0.48868668867345977,0.4890812765204291,0.48869949361164516,0.43934007469478703,0.4366089822050654,0.439069516366946,0.4315113580014437,0.44679278159620867,0.43421031290211215,0.45372867589366966,0.43481731161535314,0.16006399999999998,0.393804,0.6386609999999999,0.9820639999999999,1.483527,2.2465059999999997,0.17231200000000002,0.167025,0.20833333333333334,0.1875,0.16666666666666666,0.14583333333333334,0.125,0.10416666666666667,0.08333333333333333,0.0625
5,4.3,0.0,4.283091e-29,6.9645706e-20,8.4498126e-08,0.0011110185,0.0003634476,0.99852544,10492151.605366187,1.0,1.0,1.0,1.0,1.0,1.0,1.0,1.0,2.0373439789097074,1.998274462542761,1.9667631045413174,1.9199703229451086,1.8857600100429965,1.8320313341493268,1.7972140225339737,1.737980981075228,0.48873708214224715,0.4887882032344079,0.48862931668022186,0.4889450076152567,0.48868668867345977,0.4890812765204291,0.48869949361164516,0.4891864907768864,0.4366089822050654,0.439069516366946,0.4315113580014437,0.44679278159620867,0.43421031290211215,0.45372867589366966,0.43481731161535314,0.4592330414587453,0.13750700000000002,0.331053,0.538612,0.83073,1.2314559999999999,1.96114,0.167025,0.16006399999999998,0.1875,0.16666666666666666,0.14583333333333334,0.125,0.10416666666666667,0.08333333333333333,0.0625,0.041666666666666664
5,4.3,0.0,1.3376486e-28,1.6802993e-19,1.4976314e-07,0.0019943328,0.00044055193,0.99756503,10496170.749828417,1.0,1.0,1.0,1.0,1.0,1.0,1.0,1.0,1.998274462542761,1.9667631045413174,1.9199703229451086,1.8857600100429965,1.8320313341493268,1.7972140225339737,1.737980981075228,1.7360665348523365,0.4887882032344079,0.48862931668022186,0.4889450076152567,0.48868668867345977,0.4890812765204291,0.48869949361164516,0.4891864907768864,0.48794961674813764,0.439069516366946,0.4315113580014437,0.44679278159620867,0.43421031290211215,0.45372867589366966,0.43481731161535314,0.4592330414587453,0.40191444622289174,0.11842100000000001,0.314107,0.5509059999999999,0.84637,1.364537,2.155012,0.16006399999999998,0.13750700000000002,0.16666666666666666,0.14583333333333334,0.125,0.10416666666666667,0.08333333333333333,0.0625,0.041666666666666664,0.020833333333333332
5,4.3,0.0,4.9624517e-28,5.736578e-19,3.6575304e-07,0.005619363,0.0006161451,0.9937641,10500579.305457203,1.0,1.0,1.0,1.0,1.0,1.0,1.0,1.0,1.9667631045413174,1.9199703229451086,1.8857600100429965,1.8320313341493268,1.7972140225339737,1.737980981075228,1.7360665348523365,1.6952109719737625,0.48862931668022186,0.4889450076152567,0.48868668867345977,0.4890812765204291,0.48869949361164516,0.4891864907768864,0.48794961674813764,0.48882495344480004,0.4315113580014437,0.44679278159620867,0.43421031290211215,0.45372867589366966,0.43481731161535314,0.4592330414587453,0.40191444622289174,0.44085556287857386,0.181801,0.450283,0.6682859999999999,1.034108,1.7288789999999998,2.354772,0.13750700000000002,0.11842100000000001,0.14583333333333334,0.125,0.10416666666666667,0.08333333333333333,0.0625,0.041666666666666664,0.020833333333333332,0.0
